it,K_err,q1,q2,q3,q4
0,9.91154147693968,10.0,10.0,10.0,10.0
1,9.883661587179068,10.67236684742511,10.67236684742511,9.32763315257489,9.32763315257489
2,9.858289871419938,11.313144445589387,11.313144445589387,8.686855554410613,8.686855554410613
3,9.513869007787791,13.73961769696507,13.73961769696507,11.113328805786296,6.26038230303493
4,9.488030062114627,14.374226289769467,14.374226289769467,10.478720212981898,5.625773710230533
5,9.464646902763427,14.977365517788712,14.977365517788712,9.875580984962653,5.022634482211288
6,9.223753633129451,16.9643747514192,16.9643747514192,11.862590218593141,3.0356252485808
7,9.223681864506478,16.929902644969843,16.998846857868557,11.828118112143784,3.070097355030157
8,9.223637900835593,16.902923410621042,17.025826092217358,11.801138877794983,3.0970765893789576
9,9.201890146541485,17.476777345800656,17.59968002739697,11.22728494261537,2.523222654199344
10,9.030767551768953,19.127622122946377,19.250524804542692,12.878129719761091,0.8723778770536228
11,9.029495920618134,19.26627179467232,19.11187513281675,12.739480048035148,1.0110275487795661
12,8.815893369332956,21.08976691796215,20.93537025610658,10.915984924745317,2.8345226720693972
13,8.367489603418875,23.668229968857304,23.513833307001732,13.494447975640469,5.4129857229645495
14,8.019396226370628,25.877939293318377,25.723542631462806,15.704157300101542,7.622695047425623
15,8.018713868898399,25.783019050559233,25.81846287422195,15.799077542860687,7.527774804666478
16,7.889372957925407,27.10609208544156,27.141535909104277,14.47600450797836,8.850847839548805
17,7.886589818245973,26.91602811519033,27.331599879355508,14.66606847822959,8.660783869297575
18,7.781729996260725,28.096678174970293,28.512249939135472,13.485418418449626,9.841433929077539
19,7.520259331255848,29.940286757673675,30.355858521838854,15.329027001153008,11.685042511780921
20,7.50853229551669,30.322038867846004,29.974106411666526,15.710779111325337,12.06679462195325
21,7.50393302518344,30.084281458423447,30.211863821089082,15.948536520747894,11.829037212530693
22,7.494287765748802,29.738539790523646,30.557605488988884,16.294278188647695,12.174778880430495
23,7.295572532002974,31.314117192048343,32.13318289051358,17.869855590172392,13.750356281955192
24,7.291532481093981,31.534525531876625,31.9127745506853,18.090263930000674,13.970764621783474
25,7.213112155192977,32.510201962688825,32.8884509814975,17.114587499188474,14.946441052595674
26,7.210465841506003,32.332878202462325,33.065774741724,17.291911259414974,15.123764812822174
27,7.032825044168381,33.795074449992626,34.5279709892543,18.754107506945275,13.661568565291873
28,6.947840660951968,34.778903860749324,35.511800400011,17.770278096188576,12.677739154535175
29,6.866028577747498,35.751273904006666,36.48417044326834,16.797908052931234,13.650109197792517
30,6.863200506052277,35.57237988298766,36.663064464287345,16.97680207395024,13.829003218811522
31,6.858149130619978,35.334651070352265,36.90079327692274,17.214530886585635,13.591274406176126
32,6.853623950947001,35.56537814342619,36.67006620384882,17.445257959659557,13.360547333102204
33,6.851263033350162,35.728681336829595,36.50676301044541,17.608561153062965,13.523850526505612
34,6.848085072373716,35.92189816624568,36.313546181029324,17.801777982479052,13.330633697089525
35,6.845369998733061,35.74685713113922,36.488587216135784,17.976819017585512,13.505674732195985
36,6.704100931066537,37.014944585630474,37.756674670627035,19.244906472076764,14.773762186687236
37,6.585750444553985,38.163030850976156,38.90476093597272,20.392992737422446,15.921848452032918
38,6.583874282851257,38.30803597589693,38.759755811051946,20.537997862343218,15.776843327112147
39,6.48287094169683,39.3442921292808,39.79601196443582,19.501741708959344,14.740587173728272
40,6.4814318328741996,39.47036592615859,39.66993816755803,19.627815505837134,14.614513376850482
41,6.406313403866984,40.36765864209201,40.56723088349145,18.730522789903716,15.5118060927839
42,6.341361614988597,41.1969961475711,41.396568388970536,17.901185284424628,16.34114359826299
43,6.341275081260533,41.22704168106338,41.36652285547825,17.931230817916912,16.371189131755273
44,6.33534180902413,41.480079088623825,41.11348544791781,18.184268225477354,16.11815172419483
45,6.275808187879231,42.2695010962093,41.90290745550328,17.39484621789188,16.907573731780303
46,6.179533700706354,43.25778001794788,42.891186377241866,16.4065672961533,15.91929481004172
47,6.088760926834035,44.21058626713602,43.84399262643001,15.453761046965155,14.966488560853577
48,6.080565816555524,44.50224471919228,43.552334174373755,15.74541949902141,14.674830108797323
49,6.025925427706444,45.24379142987755,44.293880885059025,15.003872788336139,15.416376819482593
50,6.017640731653768,44.95869440939714,44.57897790553943,15.288969808816546,15.131279799002186
51,5.968633973830863,45.65724809419635,45.27753159033864,14.590416124017338,15.829833483801394
52,5.967651927739392,45.755555342973366,45.17922434156162,14.688723372794357,15.928140732578413
53,5.966782631562679,45.84803421631477,45.086745468220215,14.781202246135763,16.02061960591982
54,5.9660127650969175,45.93505267190267,44.99972701263232,14.868220701723658,16.107638061507714
55,5.954260395031034,46.28052867583165,44.65425100870334,15.213696705652637,15.762162057578735
56,5.945179186975152,46.58389807270623,44.350881611828754,15.517066102527224,15.458792660704148
57,5.839963587443336,47.60284165025496,45.36982518937748,16.53600968007595,16.477736238252874
58,5.7902368106472215,48.29503169583859,46.06201523496111,15.84381963449232,17.169926283836503
59,5.746718888302265,48.93979069147235,46.706774230594874,15.199060638858555,17.814685279470268
60,5.708591987405794,49.54102430128614,47.30800784040866,14.597827029044765,18.415918889284058
61,5.535703085062354,50.818856728890296,48.58584026801282,15.875659456648918,17.138086461679904
62,5.438948748410488,51.74944106893008,49.5164246080526,14.945075116609132,16.20750212164012
63,5.348009219217847,52.64427343073862,50.41125696986114,14.050242754800593,15.312669759831579
64,5.307117558281086,53.24516119154964,51.01214473067216,13.449354993989573,15.913557520642598
65,5.146250865012228,54.433603723916804,52.200587263039324,14.637797526356735,14.725114988275436
66,5.059143435109365,55.2858927782529,53.05287631737542,13.785508472020638,13.872825933939339
67,5.051630360287616,55.03705587964646,53.30171321598186,14.03434537062708,13.623989035332897
68,5.044653624220742,54.79744871218827,53.54132038344005,14.273952538085268,13.384381867874708
69,4.962678809171305,55.616553140206406,54.36042481145819,13.454848110067132,12.565277439856573
70,4.9159708244718905,56.23534305892463,54.97921473017641,12.836058191348911,13.184067358574794
71,4.915532552853827,56.175740815641575,55.03881697345946,12.895660434631964,13.243669601857846
72,4.908340669382115,56.42059481042793,54.79396297867311,13.140514429418317,12.998815607071492
73,4.7708007647676896,57.47762253686005,55.85099070510523,14.197542155850442,11.941787880639367
74,4.6543579454392345,58.436422525810485,56.809790694055664,15.156342144800874,10.982987891688936
75,4.592991491805977,59.1225268737594,57.49589504200458,14.470237796851961,11.669092239637848
76,4.592796980038598,59.08413398851508,57.5342879272489,14.43184491160764,11.630699354393528
77,4.588581571471986,58.906464211455614,57.71195770430836,14.609514688667105,11.453029577334064
78,4.588389543326408,58.86833446917649,57.750087446587486,14.57138494638798,11.414899835054939
79,4.588220112715811,58.83251839345348,57.78590352231049,14.535568870664974,11.379083759331934
80,4.5873079752169,58.916666142133636,57.70175577363034,14.619716619345127,11.294936010651782
81,4.586583432281335,58.991655486503305,57.62676642926067,14.694705963714796,11.219946666282112
82,4.5830060220314595,58.828081796159495,57.79034011960448,14.858279654058606,11.056372975938302
83,4.582785779297452,58.78727103914571,57.83115087661827,14.817468897044819,11.015562218924515
84,4.582323879640187,58.84711690237964,57.771305013384335,14.87731476027875,10.955716355690583
85,4.581956979256413,58.900451761824115,57.71797015393986,14.930649619723226,10.902381496246107
86,4.4822474616077015,59.76995218299862,58.58747057511437,15.800150040897734,10.0328810750716
87,4.48216294502967,59.74464589906802,58.61277685904497,15.77484375696713,10.058187359002204
88,4.481562459457133,59.678017960417264,58.679404797695724,15.841471695617884,10.124815297652958
89,4.406418992794212,60.42496996466639,59.42635680194485,16.588423699867008,10.871767301902082
90,4.404639636842658,60.31129783745314,59.5400289291581,16.47475157265376,10.758095174688833
91,4.339369502414326,60.99884008117783,60.22757117288279,15.787209328929066,11.445637418413526
92,4.33926871445349,61.02599916327222,60.200412090788404,15.814368411023452,11.41847833631914
93,4.27566862473034,61.7020801216006,60.87649304911679,16.490449369351836,12.094559294647524
94,4.2756189503476705,61.72098938516001,60.85758378555738,16.509358632911244,12.075650031088117
95,4.189773736898264,62.4991656443774,61.63576004477477,17.287534892128633,11.297473771870727
96,4.138530563811252,63.09541105432913,62.232005454726504,17.883780302080368,11.893719181822462
97,4.067000438818514,63.79400802581813,62.9306024262155,18.582377273569364,11.195122210333466
98,4.066639564979609,63.843157631376926,62.881452820656705,18.533227668010568,11.14597260477467
99,3.9725468601746345,64.63008355334864,63.66837874262842,17.746301746038853,10.359046682802955
100,3.903606745652132,65.30012351322,64.33841870249978,17.076261786167493,11.029086642674315
101,3.836104711194734,65.95946025387377,64.99775544315355,17.735598526821263,10.369749902020544
102,3.748390778225779,66.69789970227157,65.73619489155135,16.997159078423465,9.631310453622746
103,3.7478858414561382,66.6423295170182,65.79176507680472,17.052729263676838,9.575740268369373
104,3.700558772134021,67.18421142887564,66.33364698866217,17.594611175534283,10.117622180226817
105,3.700418224879042,67.21348282357042,66.30437559396739,17.56533978083951,10.088350785532043
106,3.659490310599421,67.71417943947199,66.80507220986897,18.066036396741083,10.589047401433618
107,3.6575588581847747,67.60535377220322,66.91389787713774,17.95721072947231,10.697873068702393
108,3.655961081819236,67.50639780693234,67.01285384240862,17.858254764201433,10.796829033973268
109,3.648638052999453,67.29646930362264,67.22278234571831,17.648326260891736,10.58690053066357
110,3.6480286413251664,67.23626912356394,67.28298252577702,17.708526440950436,10.52670035060487
111,3.585126647821681,67.84914962440268,67.89586302661576,17.095645940111694,11.139580851443611
112,3.549483300886916,68.30901986101367,68.35573326322674,17.555516176722676,11.599451088054593
113,3.456092785782145,69.04132573839149,69.08803914060456,16.82321029934485,10.867145210676767
114,3.455601888475993,68.98801348052984,69.14135139846621,16.769898041483202,10.920457468538416
115,3.368811314895709,69.68510528525428,69.83844320319065,16.072806236758765,10.22336566381398
116,3.3094353688732445,70.25970005268277,70.41303797061914,16.64740100418726,9.648770896385486
117,3.309027690900184,70.21275684865657,70.45998117464535,16.694344208213465,9.60182769235928
118,3.3086526696527265,70.16773515696627,70.50500286633564,16.73936589990376,9.556806000668985
119,3.308307731923547,70.12455909214509,70.54817893115683,16.782541964724942,9.513629935847803
120,3.2466947162347415,70.70212153694854,71.12574137596027,16.204979519921494,10.09119238065125
121,3.24631523286085,70.74717932364138,71.08068358926744,16.159921733228657,10.046134593958413
122,3.1912190378684353,71.29055796598948,71.62406223161554,16.70330037557676,9.502755951610311
123,3.1435934864243644,71.79162422647266,72.12512849209872,17.204366636059945,9.001689691127126
124,3.1372837344830353,71.61072800978218,72.30602470878921,17.02347041936946,8.820793474436641
125,3.137123864711718,71.63948412932996,72.27726858924143,16.99471429982168,8.792037354888862
126,3.134015295303527,71.5117090993067,72.40504361926469,16.866939269798422,8.91981238491212
127,3.0585527515129316,72.13158415988573,73.02491867984372,16.24706420921939,8.299937324333087
128,2.9941867193823555,72.69909869345724,73.59243321341523,15.679549675647877,8.867451857904598
129,2.957056696623072,73.12794376000852,74.02127827996651,16.108394742199152,9.296296924455874
130,2.8831580215376222,73.7237986792627,74.61713319922069,15.512539822944973,8.700442005201694
131,2.8473123435030625,74.13725239340806,75.03058691336605,15.925993537090335,9.113895719347056
132,2.845673356007776,74.04890426821908,75.11893503855504,15.837645411901349,9.202243844536042
133,2.840716740896993,73.89626608076071,75.2715732260134,15.685007224442984,9.049605657077677
134,2.80836790865766,74.28614299878177,75.66145014403446,16.074884142464043,9.439482575098737
135,2.7804486973327824,74.64629200589656,76.02159915114925,16.435033149578828,9.799631582213522
136,2.7031611138862828,75.23677836781872,76.6120855130714,15.844546787656668,9.209145220291362
137,2.662802872199705,75.66146127671146,77.03676842196415,16.269229696549417,8.784462311398613
138,2.6601565413722414,75.55297073170152,77.1452589669741,16.160739151539474,8.892952856408556
139,2.5903806666781803,76.10229833384551,77.69458656911809,15.611411549395484,8.343625254264566
140,2.5863221598463744,75.97042713337942,77.82645776958418,15.47954034892939,8.211754053798472
141,2.586175690553469,75.99542748656262,77.80145741640098,15.454539995746188,8.18675370061527
142,2.529874399369637,76.48317657464986,78.28920650448822,14.966790907658947,8.674502788702512
143,2.528693913815565,76.41251908945378,78.3598639896843,14.896133422462867,8.745160273898591
144,2.5253186545041397,76.29368052152529,78.47870255761279,14.777294854534375,8.6263217059701
145,2.525230771371014,76.27459656641577,78.49778651272231,14.796378809643898,8.607237750860577
146,2.525151453058094,76.25646657649753,78.51591650264055,14.814508799562134,8.58910776094234
147,2.4939894485376675,76.61716690260278,78.8766168287458,15.17520912566738,8.949808087047586
148,2.4670771257859605,76.95032759655106,79.20977752269408,15.508369819615666,9.282968780995873
149,2.467018579316485,76.93493955470586,79.22516556453928,15.523757861460865,9.267580739150674
150,2.399121134009658,77.45677162264485,79.74699763247827,15.001925793521877,8.745748671211686
151,2.37273187935805,77.78032626961306,80.07055227944647,15.325480440490082,9.069303318179891
152,2.3379243800503757,78.14998153018337,80.44020754001679,15.695135701060394,8.69964805760958
153,2.3378977733357917,78.16008514778815,80.430103922412,15.68503208345561,8.709751675214363
154,2.3079382728037263,78.50064994385008,80.77066871847393,16.025596879517536,8.369186879152437
155,2.2533881422529154,78.9536898552845,81.22370862990834,15.57255696808312,8.822226790586853
156,2.204061247790563,79.37947367941177,81.64949245403562,15.14677314395584,9.248010614714133
157,2.2040537053244016,79.37425000206332,81.65471613138408,15.151996821304294,9.242786937365679
158,2.1594145856739644,79.77493482676067,82.05540095608143,14.751311996606944,9.64347176206303
159,2.095298750285827,80.24934626201684,82.5298123913376,14.276900561350772,9.169060326806857
160,2.0913869233632427,80.13285557203375,82.6463030813207,14.160409871367676,9.052569636823762
161,2.090906561702885,80.0919162289182,82.68724242443625,14.119470528252123,9.093508979939315
162,2.034131329653226,80.53170227472094,83.127028470239,13.679684482449375,8.653722934136567
163,2.0089961199092947,80.82236531839925,83.4176915139173,13.970347526127682,8.944385977814875
164,2.0085122420130586,80.7820977142859,83.45795911803066,13.930079922014329,8.984653581928228
165,1.9693515005596396,81.14052684464411,83.81638824838888,13.571650791656111,9.343082712286446
166,1.9691748443268762,81.11660725438895,83.84030783864404,13.595570381911273,9.319163122031284
167,1.9690168443107101,81.09398664089994,83.86292845213305,13.618190995400283,9.296542508542274
168,1.9688755455292595,81.07259584760328,83.88431924542971,13.639581788696944,9.275151715245613
169,1.9147086830187308,81.48950888076655,84.30123227859298,13.222668755533675,8.858238682082344
170,1.9145763692491915,81.46894825833527,84.32179290102425,13.2021081331024,8.87879930451362
171,1.9127983830128752,81.39380704915155,84.39693411020798,13.126966923918673,8.803658095329894
172,1.8880423805732682,81.67348996679479,84.67661702785122,13.406649841561915,9.083341012973136
173,1.8543301446947003,81.99809439892846,85.00122145998489,13.731254273695583,8.758736580839468
174,1.8543265701728613,82.00139778342773,84.99791807548561,13.727950889196308,8.762039965338744
175,1.8339597696887322,82.25122480125634,85.24774509331422,13.977777907024915,9.011866983167351
176,1.8163133022713607,82.48252216273343,85.47904245479131,14.209075268502005,9.243164344644441
177,1.7792116027384217,82.81407131344508,85.81059160550296,13.877526117790353,9.574713495356093
178,1.7496123051506989,83.10926982517785,86.10579011723573,14.172724629523117,9.27951498362333
179,1.745274437028097,82.99714380389233,86.21791613852125,14.060598608237598,9.16738896233781
180,1.745239365439883,83.00718180317745,86.20787813923613,14.05056060895248,9.177426961622928
181,1.719661198009307,83.27913614693315,86.47983248299184,14.32251495270819,8.905472617867218
182,1.7185785329112373,83.22346889681697,86.53549973310803,14.266847702592003,8.961139867983405
183,1.7165972987756726,83.2983930527098,86.4605755772152,14.191923546699172,8.886215712090575
184,1.6941877138926629,83.5509662709255,86.7131487954309,14.444496764914874,8.633642493874873
185,1.693736240818247,83.58645986801804,86.67765519833836,14.409003167822334,8.669136090967413
186,1.6442331946420439,83.95620542645531,87.04740075677563,14.03925760938506,8.29939053253014
187,1.5998627806177619,84.30141892239561,87.39261425271593,13.694044113444761,7.95417703658984
188,1.5983266992279026,84.2375291852504,87.45650398986115,13.630154376299544,7.890287299444623
189,1.5975563331216116,84.28260474828363,87.41142842682791,13.585078813266307,7.935362862477859
190,1.595891740563402,84.21605076812554,87.477982406986,13.518524833108216,8.00191684263595
191,1.595288896276579,84.25589471857563,87.43813845653591,13.478680882658125,8.041760793086041
192,1.5947715842971941,84.29280657397896,87.40122660113258,13.441769027254793,8.00484893768271
193,1.5942461260870346,84.32999299327392,87.36404018183762,13.404582607959838,8.042035356977664
194,1.5937967125462855,84.36438703718906,87.32964613792248,13.370188564044696,8.007641313062521
195,1.5746778724800243,84.58944214793206,87.55470124866548,13.595243674787696,7.782586202319521
196,1.5585405790612623,84.79505404777598,87.7603131485094,13.800855574631612,7.576974302475605
197,1.5402303199627825,85.0121787072544,87.97743780798783,14.017980234110041,7.794098961954035
198,1.5388078581477207,85.07230440896961,87.91731210627262,13.957854532394833,7.8542246636692425
199,1.5368829936903041,85.00216540679006,87.98745110845218,13.887715530215274,7.784085661489684
200,1.535232750595727,84.93725499932324,88.05236151591899,13.822805122748463,7.719175254022872
201,1.5346947691953448,84.97418217392138,88.01543434132086,13.785877948150329,7.682248079424738
202,1.5319951187912522,84.8911386940243,88.09847782121793,13.702834468253258,7.76529155932181
203,1.5176780063538222,85.08221065805287,88.28954978524649,13.893906432281824,7.574219595293243
204,1.5164007329940339,85.02544960219737,88.346310841102,13.83714537642632,7.51745853943774
205,1.4723145665636528,85.355223743383,88.67608498228762,13.507371235240697,7.847232680623364
206,1.4323419848194294,85.66475397347006,88.98561521237468,13.197841005153634,8.156762910710427
207,1.3961386996812968,85.95541331609112,89.27627455499575,12.907181662532565,8.447422253331496
208,1.380074062199238,86.14787739404605,89.46873863295068,13.099645740487489,8.63988633128642
209,1.3796474767919067,86.17905515889589,89.43756086810083,13.068467975637645,8.671064096136263
210,1.378398784349557,86.23237335551813,89.38424267147859,13.015149779015402,8.61774589951402
211,1.3605022202004766,86.43480434647465,89.5866736624351,13.217580769971917,8.415314908557505
212,1.3593877534393066,86.38458141984827,89.63689658906148,13.167357843345542,8.46553783518388
213,1.34555759423178,86.56082648957785,89.81314165879105,13.343602913075117,8.641782904913455
214,1.3335537404679074,86.72421420175546,89.97652937096866,13.506990625252726,8.805170617091065
215,1.293461130289653,87.01967176592106,90.27198693513427,13.211533061087124,8.509713052925463
216,1.260259776138261,87.2840833441979,90.5363985134111,12.947121482810289,8.774124631202298
217,1.2448433149858786,87.46376784786513,90.71608301707833,13.126805986477521,8.594440127535066
218,1.2318209768635444,87.62797307669267,90.88028824590587,13.291011215305062,8.430234898707525
219,1.1981378870722188,87.88775753851063,91.14007270772383,13.031226753487104,8.690019360525483
220,1.1964111958408525,87.94617864383291,91.08165160240155,12.972805648164822,8.631598255203201
221,1.1948891590366737,88.0009931507486,91.02683709548586,12.917991141249132,8.576783748287511
222,1.193452021114116,87.94756749918363,91.08026274705082,12.864565489684168,8.523358096722546
223,1.1922238050973106,87.89820230747146,91.129627938763,12.815200297971998,8.473992905010377
224,1.191058429528952,87.9460901340645,91.08174011216995,12.767312471378958,8.426105078417336
225,1.1784978307968925,88.10328569151537,91.23893566962082,12.92450802882982,8.583300635868198
226,1.1477839880171028,88.34601376562667,91.48166374373211,12.681779954718522,8.826028709979497
227,1.1340492432227307,88.5079015181811,91.64355149628655,12.843667707272957,8.664140957425062
228,1.1324629661597652,88.56238274939642,91.58907026507123,12.789186476057637,8.609659726209742
229,1.1314324996102394,88.60630629846987,91.54514671599777,12.745262926984182,8.653583275283196
230,1.1194130946504275,88.75672009114432,91.69556050867222,12.895676719658624,8.503169482608754
231,1.0885778386033418,88.9936731941765,91.9325136117044,12.658723616626446,8.740122585640933
232,1.0872434045751826,88.94452966414,91.98165714174088,12.609580086589958,8.690979055604444
233,1.0769613225853503,89.0804310071902,92.11755848479108,12.74548142964015,8.826880398654637
234,1.0759735604799006,89.12236917454685,92.07562031743443,12.703543262283503,8.868818566011285
235,1.044185251070415,89.35888059152241,92.31213173440999,12.467031845307943,8.632307149035725
236,1.0333578986844574,89.49606290153177,92.44931404441935,12.604214155317308,8.49512483902636
237,1.032215177073182,89.4517712009224,92.49360574502873,12.55992245470793,8.539416539635738
238,1.0312362139444933,89.41079647862281,92.53458046732831,12.51894773240835,8.580391261935318
239,1.021209838700024,89.54148660178184,92.66527059048734,12.649637855567377,8.711081385094346
240,1.0124973764320364,89.66274308018662,92.78652706889211,12.770894333972151,8.83233786349912
241,1.0115691732942738,89.62323896276935,92.82603118630938,12.731390216554885,8.871841980916386
242,1.0102131555591312,89.67086579486526,92.77840435421346,12.68376338445897,8.919468813012301
243,1.0003273876717007,89.79978618562811,92.90732474497631,12.812683775221814,8.790548422249458
244,0.9706254333708523,90.0202603076361,93.12779886698429,12.592209653213828,8.570074300241473
245,0.9697535832861971,89.9827363883665,93.16532278625388,12.55468573394424,8.532550380971884
246,0.9418891231997122,90.19233141686843,93.3749178147558,12.34509070544231,8.742145409473814
247,0.9404332520140848,90.2399686080557,93.32728062356853,12.297453514255032,8.789782600661091
248,0.9144373457018533,90.44011353399493,93.52742554950775,12.097308588315805,8.589637674721864
249,0.9133652182671131,90.48034555545146,93.48719352805122,12.057076566859273,8.549405653265332
250,0.9119126901717326,90.52721552936237,93.44032355414032,12.010206592948371,8.596275627176233
251,0.8874426138763131,90.71780829454144,93.6309163193194,11.819613827769295,8.78686839235531
252,0.8864596540848345,90.7557598440134,93.59296476984744,11.781662278297347,8.74891684288336
253,0.8861897798638185,90.73582074211049,93.61290387175035,11.761723176394447,8.76885594478626
254,0.8755262941386445,90.86123343173934,93.7383165613792,11.887135866023293,8.643443255157415
255,0.8743022014265474,90.90336556403344,93.6961844290851,11.8450037337292,8.685575387451507
256,0.8734340877613739,90.93876812328205,93.66078186983648,11.80960117448059,8.650172828202898
257,0.8731760342654065,90.91939476852605,93.68015522459248,11.790227819724599,8.630799473446906
258,0.8625826725749492,91.0429394176193,93.80369987368573,11.913772468817854,8.75434412254016
259,0.8621292437462003,91.01744965269829,93.82918963860674,11.888282703896849,8.779833887461166
260,0.852871184548496,91.1322419305771,93.94398191648554,12.003074981775654,8.894626165339972
261,0.8517629034449161,91.1718043911691,93.90441945589353,11.963512521183652,8.934188625931974
262,0.8298426188597043,91.34616583417298,94.0787808988974,11.789151078179785,9.108550068935841
263,0.8296932772471295,91.3318185463574,94.09312818671299,11.77480379036421,9.122897356751416
264,0.8100038743653638,91.49499339019872,94.2563030305543,11.611628946522892,9.286072200592734
265,0.798163690441767,91.62122923967007,94.38253888002566,11.737864795994248,9.159836351121378
266,0.7974916263270906,91.6510386415059,94.35272947818983,11.708055394158414,9.189645752957212
267,0.7969087274561345,91.67878894699942,94.32497917269632,11.680305088664902,9.217396058450724
268,0.7962389403505079,91.64898464897429,94.35478347072144,11.650500790639775,9.187591760425597
269,0.7856127333889904,91.76759475910345,94.4733935808506,11.769110900768922,9.06898165029645
270,0.7853960129826879,91.75078022110594,94.4902081188481,11.75229636277141,9.085796188293962
271,0.7631656383584202,91.91994706782779,94.65937496556995,11.583129516049553,8.916629341572104
272,0.7546117149658613,92.02421038588703,94.76363828362919,11.687392834108792,8.812366023512865
273,0.753536406636504,92.06081264571895,94.72703602379727,11.650790574276861,8.775763763680935
274,0.7329440683683439,92.21973272461102,94.88595610268933,11.491870495384795,8.934683842573001
275,0.7246387558650282,92.31996177611833,94.98618515419665,11.5920995468921,9.034912894080307
276,0.7233175496265172,92.35971465195391,94.94643227836107,11.552346671056526,8.995160018244732
277,0.7230388480915121,92.34139145378184,94.96475547653314,11.53402347288445,8.976836820072656
278,0.7219162440912827,92.37799822786496,94.92814870245002,11.497416698801324,8.94023004598953
279,0.7209297568204064,92.41228979382953,94.89385713648545,11.463125132836751,8.905938480024957
280,0.7125897571398251,92.51189577070494,94.99346311336086,11.562731109712168,9.005544456900374
281,0.7053256927016912,92.6043403863208,95.08590772897672,11.655175725328029,9.097989072516235
282,0.6990031048275838,92.69016606844204,95.17173341109796,11.74100140744926,9.183814754637467
283,0.6982743957668286,92.66104835961352,95.20085111992648,11.711883698620742,9.154697045808948
284,0.6971265977352026,92.69748965975542,95.16440981978458,11.675442398478832,9.191138345950858
285,0.6898010224973494,92.78970241185401,95.25662257188317,11.767655150577419,9.098925593852272
286,0.6884262126029982,92.82934007716624,95.21698490657094,11.728017485265188,9.138563259164503
287,0.6698613055888728,92.97355340063372,95.36119823003843,11.583804161797708,9.282776582631982
288,0.6691834636017616,92.94606119337854,95.3886904372936,11.556311954542533,9.255284375376807
289,0.6683040160245479,92.97729262379372,95.35745900687843,11.525080524127365,9.286515805791975
290,0.6482778119167271,93.12537241824458,95.5055388013293,11.377000729676503,9.138436011341113
291,0.6318470500964841,93.25710070243409,95.6372670855188,11.245272445487,9.270164295530616
292,0.631593226319844,93.24075660792741,95.65361118002548,11.228928350980318,9.253820201023935
293,0.6167443113174835,93.36441942536244,95.77727399746051,11.105265533545285,9.377483018458967
294,0.5996234871172359,93.496048744105,95.90890331620307,10.973636214802731,9.245853699716413
295,0.5991485171447735,93.51778782403008,95.88716423627798,10.951897134877644,9.2675927796415
296,0.5916556307517311,93.60383219264023,95.97320860488813,11.037941503487794,9.35363714825165
297,0.5851208711767693,93.68370708645267,96.05308349870057,11.117816397300242,9.433512042064098
298,0.5767795110841878,93.77379001327512,96.14316642552302,11.207899324122685,9.343429115241655
299,0.5697655837264363,93.85584737480522,96.22522378705312,11.289956685652793,9.261371753711547
300,0.5550763092099005,93.9725978010919,96.3419742133398,11.173206259366122,9.378122179998218
301,0.5548484595345775,93.95808252107395,96.35648949335774,11.158690979348176,9.363606899980272
302,0.554655340951021,93.94472159776845,96.36985041666324,11.14533005604267,9.350245976674767
303,0.5538174098153121,93.97248745501074,96.34208455942095,11.11756419880038,9.378011833917057
304,0.5536373874833092,93.9595993656439,96.3549726487878,11.104676109433544,9.365123744550221
305,0.5536328531891969,93.95755819391005,96.35701382052164,11.102634937699687,9.367164916284079
306,0.5528991831477874,93.9835167505898,96.33105526384189,11.076676381019936,9.393123472963829
307,0.5527332669898326,93.97115408911749,96.3434179253142,11.064313719547627,9.38076081149152
308,0.5527327599297717,93.970472035797,96.34409997863469,11.063631666227138,9.381442864812009
309,0.5525925697672153,93.95910960081078,96.35546241362091,11.05226923124091,9.37008042982578
310,0.537520707505631,94.07604766869748,96.47240048150762,10.935331163354203,9.253142361939073
311,0.5375206343502585,94.07579214343875,96.47265600676636,10.935075638095473,9.253397887197803
312,0.531076755320671,94.15137665344297,96.54824051677058,11.010660148099696,9.328982397202026
313,0.5244646164893427,94.22783382681098,96.62469769013859,11.087117321467712,9.25252522383401
314,0.5232045944770359,94.26086050347337,96.5916710134762,11.054090644805328,9.219498547171625
315,0.5176354944959387,94.33054028461173,96.66135079461456,11.123770425943693,9.14981876603326
316,0.5175991583428602,94.32494108637778,96.66694999284852,11.118171227709741,9.144219567799308
317,0.5035613438525934,94.43369998293537,96.7757088894061,11.009412331152149,9.2529784643569
318,0.4908500883108394,94.53582777337098,96.87783667984172,10.907284540716535,9.355106254792513
319,0.47832797135804783,94.63635077201603,96.97835967848677,10.806761542071488,9.254583256147466
320,0.47262376617399876,94.70376739139529,97.04577629786603,10.874178161450745,9.18716663676821
321,0.47261018919086895,94.70050396734207,97.04903972191924,10.870914737397532,9.190430060821422
322,0.4620487859874866,94.79117616133956,97.13971191591673,10.780242543400034,9.099757866823923
323,0.4619612800799527,94.79938708408018,97.13150099317612,10.788453466140648,9.107968789564538
324,0.45269460837977155,94.88341387688834,97.21552778598428,10.704426673332481,9.02394199675637
325,0.4526821263301375,94.88035118174973,97.21859048112289,10.70136397819387,9.027004691894982
326,0.440930453446303,94.97346105194923,97.31170035132239,10.608254107994366,9.120114562094486
327,0.43305368303161224,95.04919621240445,97.38743551177761,10.53251894753914,9.04437940163926
328,0.4254070045663258,95.12300182656249,97.46124112593564,10.60632456169718,9.1181850157973
329,0.42512167768764997,95.13722824579182,97.44701470670631,10.620550980926504,9.132411435026624
330,0.42078451611577594,95.19268394654998,97.50247040746447,10.67600668168466,9.076955734268468
331,0.42053215467407673,95.2059907102387,97.48916364377575,10.689313445373374,9.090262497957182
332,0.41887708073760976,95.2399763053535,97.45517804866095,10.655327850258569,9.124248093071987
333,0.41887360937873225,95.23842279619218,97.45673155782227,10.653774341097257,9.125801602233299
334,0.4186845740367492,95.2499134885931,97.44524086542135,10.665265033498175,9.137292294634216
335,0.4172923000854609,95.28101949891395,97.4141348551005,10.634159023177316,9.168398304955074
336,0.41680572785938536,95.2993354636455,97.39581889036894,10.615843058445753,9.150082340223511
337,0.41040909032559825,95.36559418369612,97.46207761041956,10.682101778496369,9.216341060274127
338,0.4048131719315956,95.42711316528724,97.52359659201068,10.743620760087493,9.277860041865251
339,0.400910076780359,95.47844597721617,97.5749294039396,10.794953572016421,9.226527229936323
340,0.39765240060068285,95.52513424664895,97.62161767337238,10.841641841449192,9.179838960503552
341,0.3967840369465656,95.54901237740494,97.5977395426164,10.817763710693198,9.155960829747558
342,0.3948792273925892,95.58441796903789,97.56233395098344,10.782358119060245,9.191366421380511
343,0.3948530927560414,95.58856639225728,97.55818552776405,10.78650654227963,9.195514844599897
344,0.39411744039760693,95.61046888552411,97.53628303449722,10.764604049012796,9.173612351333063
345,0.3891663165053252,95.66718797943459,97.59300212840769,10.82132314292327,9.230331445243536
346,0.3780778083266436,95.75098495592344,97.67679910489655,10.73752616643441,9.314128421732395
347,0.37807143152732864,95.75298997917199,97.674794081648,10.739531189682952,9.316133444980936
348,0.36802485301461485,95.83164580103104,97.75344990350706,10.660875367823888,9.39478926684
349,0.3589427205024716,95.90546617481371,97.82727027728973,10.587054994041214,9.468609640622674
350,0.35470408149640514,95.9555560223057,97.87736012478172,10.63714484153321,9.51869948811467
351,0.3505224699930162,96.0052606581418,97.92706476061781,10.6868494773693,9.46899485227858
352,0.3505222723025626,96.0055996762143,97.9267257425453,10.687188495441804,9.468655834206077
353,0.34190502086125746,96.07610843046338,97.99723449679438,10.616679741192728,9.398147079957
354,0.3406769861401719,96.10250786121482,97.97083506604294,10.590280310441283,9.424546510708446
355,0.33984005552690333,96.12420481478306,97.9491381124747,10.568583356873043,9.402849557140206
356,0.3324960690353973,96.18835044634172,98.01328374403336,10.50443772531439,9.338703925581552
357,0.3319611426602117,96.20549152319907,97.996142667176,10.487296648457038,9.3215628487242
358,0.3314922549219242,96.2215277626532,97.98010642772188,10.471260409002918,9.30552660927008
359,0.33149096111938237,96.22237131664652,97.97926287372856,10.472103962996242,9.304683055276756
360,0.33108060138263556,96.23736354597506,97.96427064440002,10.457111733667695,9.28969082594821
361,0.32589166048548646,96.29054220551596,98.01744930394092,10.510290393208603,9.342869485489118
362,0.31768109947549394,96.35659016708979,98.08349726551475,10.44424243163477,9.40891744706295
363,0.3114565462855765,96.41372105256723,98.14062815099219,10.387111546157339,9.35178656158552
364,0.3060939820734864,96.466261571082,98.19316866950696,10.334571027642562,9.299246043070744
365,0.30065995393661665,96.51856120130302,98.24546829972797,10.386870657863582,9.351545673291763
366,0.30028114901671876,96.53227953552883,98.23174996550216,10.373152323637772,9.337827339065953
367,0.29720258819601014,96.57154463377664,98.27101506374997,10.412417421885582,9.298562240818143
368,0.29686495304348504,96.58447920091622,98.25808049661039,10.42535198902516,9.31149680795772
369,0.29558249882328697,96.6096197535437,98.23293994398291,10.400211436397681,9.336637360585199
370,0.2944846185563156,96.63283382902503,98.20972586850158,10.376997360916345,9.359851436066535
371,0.29139491210233903,96.67178452695595,98.2486765664325,10.415948058847263,9.320900738135617
372,0.29139466966215294,96.67144221027928,98.24901888310916,10.415605742170591,9.321243054812289
373,0.28651976891418457,96.71990477407793,98.29748144690781,10.367143178371945,9.272780491013643
374,0.28651965602901036,96.71967312596446,98.29771309502128,10.366911530258477,9.273012139127111
375,0.2862951620253938,96.72998416619166,98.28740205479409,10.356600490031282,9.262701098899916
376,0.28504241727179047,96.75438723797441,98.26299898301133,10.33219741824853,9.287104170682667
377,0.28486273097200426,96.76358868615337,98.25379753483237,10.322995970069577,9.277902722503715
378,0.2796362596656086,96.81306085527692,98.30326970395592,10.37246813919312,9.327374891627258
379,0.2751619872651576,96.85855282863693,98.34876167731593,10.32697616583311,9.281882918267247
380,0.2751619872559046,96.85855488005264,98.34875962590023,10.326978217248813,9.281880866851543
381,0.2713251870044058,96.90036706973044,98.39057181557803,10.285166027571009,9.240068677173738
382,0.2659812691919956,96.94917270245568,98.43937744830328,10.333971660296255,9.288874309898985
383,0.25900746412770287,97.00415760906573,98.49436235491332,10.27898675368621,9.34385921650903
384,0.2579223142274905,97.02576270206426,98.4727572619148,10.257381660687678,9.365464309507562
385,0.25529168080149867,97.05940304749188,98.50639760734242,10.291022006115309,9.33182396407993
386,0.2547975747082333,97.0739028977851,98.4918977570492,10.305521856408536,9.346323814373157
387,0.2503413261142265,97.11711397408334,98.53510883334744,10.348732932706769,9.38953489067139
388,0.2503411503811832,97.11738409729824,98.53483871013253,10.349003055921676,9.389264767456483
389,0.24643141089821805,97.15752093425615,98.57497554709045,10.38913989287959,9.429401604414398
390,0.24643132769211404,97.15733653416096,98.57515994718564,10.388955492784397,9.429586004509591
391,0.2399729746039347,97.20826481512478,98.62608822814946,10.338027211820584,9.480514285473404
392,0.2395280572419556,97.22154532107945,98.61280772219479,10.324746705865913,9.467233779518732
393,0.23727620891075796,97.25154224553938,98.64280464665472,10.354743630325842,9.437236855058803
394,0.23687476813887304,97.26408671866326,98.63026017353084,10.342199157201966,9.424692381934927
395,0.2368745355429757,97.26438901747063,98.62995787472347,10.342501456009341,9.424390083127552
396,0.23652299038619856,97.27611880652015,98.61822808567396,10.330771666959834,9.412660294078044
397,0.23535300724752797,97.29755222626585,98.59679466592826,10.309338247214136,9.434093713823742
398,0.2294415162408702,97.34518426948912,98.64442670915153,10.261706203990858,9.48172575704702
399,0.22941377803171437,97.34843305165796,98.64117792698269,10.2649549861597,9.478476974878179
400,0.22570730148398352,97.38593737044299,98.67868224576772,10.22745066737468,9.440972656093159
401,0.2248327172590787,97.40404577871837,98.66057383749234,10.209342259099305,9.459081064368533
402,0.21974024291304514,97.44728467980546,98.70381273857943,10.16610335801221,9.502319965455628
403,0.21659704421189727,97.48110304501729,98.73763110379126,10.132284992800386,9.468501600243805
404,0.21596666488770203,97.4961678104785,98.72256633833005,10.117220227339182,9.483566365705009
405,0.21586656681956398,97.50214625327376,98.71658789553479,10.11124178454392,9.477587922909747
406,0.21319119622461566,97.53308636190002,98.74752800416104,10.080301675917665,9.446647814283493
407,0.20893614347692796,97.57160269319078,98.7860443354518,10.041785344626904,9.485164145574254
408,0.20873238385912693,97.58000399968239,98.7776430289602,10.050186651118505,9.476762839082653
409,0.20793536864499232,97.596648604131,98.76099842451158,10.066831255567116,9.493407443531265
410,0.20726140194005838,97.61192718430925,98.74571984433334,10.082109835745364,9.508686023709512
411,0.20432436283583694,97.64375885842917,98.77755151845325,10.113941509865272,9.476854349589603
412,0.20004109742154155,97.68166167381851,98.8154543338426,10.151844325254618,9.514757164978949
413,0.19989439437021211,97.68862675017974,98.80848925748137,10.144879248893398,9.507792088617729
414,0.19604355680818422,97.72418802844572,98.84405053574736,10.18044052715938,9.54335336688371
415,0.19583105482509944,97.73248576569054,98.83575279850254,10.172142789914568,9.535055629638899
416,0.19547514764156237,97.74326388130582,98.82497468288726,10.182920905529853,9.545833745254184
417,0.195427332643998,97.74720058886298,98.8210379753301,10.186857613087014,9.541897037697023
418,0.19480279983108645,97.76144220955962,98.80679635463346,10.172615992390384,9.556138658393653
419,0.19461256160878693,97.76926857566508,98.798969988528,10.164789626284916,9.548312292288186
420,0.1943188956536564,97.77902908187251,98.78920948232057,10.174550132492351,9.55807279849562
421,0.19381397799389635,97.7917998174335,98.77643874675958,10.161779396931355,9.570843534056618
422,0.19375605865458415,97.79611405652614,98.77212450766694,10.166093636023994,9.566529294963978
423,0.19036230067856252,97.8289951205821,98.80500557172292,10.198974700079962,9.599410359019945
424,0.19010361272624923,97.83801588869294,98.79598480361209,10.18995393196914,9.590389590909123
425,0.1877311038238375,97.86542325754931,98.82339217246846,10.217361300825509,9.562982222052753
426,0.18477606071528116,97.89563743418327,98.85360634910242,10.247575477459467,9.593196398686711
427,0.18444377689586483,97.90570881551024,98.84353496777545,10.237504096132497,9.583125017359741
428,0.18002363612573954,97.94218193366537,98.88000808593058,10.201030977977364,9.619598135514874
429,0.1773325189165362,97.9704223337238,98.90824848598902,10.229271378035808,9.647838535573317
430,0.17379646241939875,98.00259908521289,98.94042523747811,10.19709462654672,9.61566178408423
431,0.1736376214933169,98.00938353412417,98.93364078856683,10.203879075458,9.62244623299551
432,0.1733364356157615,98.01867884551976,98.92434547717124,10.194583764062404,9.613150921599914
433,0.17070609472550907,98.04607342089207,98.95174005254356,10.221978339434724,9.640545496972234
434,0.1706841940848152,98.0485629873681,98.94925048606753,10.224467905910751,9.638055930496206
435,0.16673940000260043,98.0817158263551,98.98240332505452,10.191315066923751,9.671208769483206
436,0.16470056096736782,98.10551091879334,99.00619841749277,10.215110159361997,9.64741367704496
437,0.16410317061693816,98.11829640970336,98.99341292658275,10.202324668451974,9.660199167954984
438,0.16187480870612667,98.14283944912596,99.01795596600535,10.226867707874566,9.684742207377576
439,0.1614248782232703,98.15380584721044,99.00698956792087,10.215901309790084,9.673775809293094
440,0.16090720178515175,98.16558990253156,98.99520551259974,10.20411725446896,9.685559864614218
441,0.16052891192299928,98.17561647459931,98.985178940532,10.194090682401209,9.675533292546467
442,0.16046165801742374,98.17985962536616,98.98093578976514,10.198333833168066,9.679776443313324
443,0.16004182230062317,98.19044164126166,98.97035377386965,10.187751817272577,9.690358459208813
444,0.1600027724296886,98.19366028769589,98.96713512743541,10.190970463706815,9.687139812774575
445,0.15785687956247138,98.2174428854397,98.99091772517922,10.214753061450613,9.710922410518373
446,0.15743607635917295,98.22791625270843,98.98044435791049,10.204279694181887,9.700449043249646
447,0.15546258374415034,98.25054458182682,99.00307268702888,10.226908023300282,9.723077372368042
448,0.15361033795760068,98.27244434252171,99.02497244772377,10.24880778399517,9.701177611673154
449,0.1500948241970726,98.3022827088736,99.05481081407567,10.218969417643272,9.671339245321256
450,0.15008912546293499,98.30347347355824,99.05362004939103,10.220160182327906,9.670148480636623
451,0.1500412855746981,98.30693393863024,99.05015958431903,10.223620647399898,9.673608945708615
452,0.1494830971312853,98.31872977885233,99.03836374409694,10.211824807177802,9.68540478593071
453,0.14912431226410003,98.3281413456667,99.02895217728258,10.202413240363441,9.67599321911635
454,0.14720115827727023,98.34987953605223,99.05069036766811,10.224151430748975,9.697731409501884
455,0.1455188666700249,98.37008651592146,99.07089734753734,10.244358410618212,9.71793838937112
456,0.14502498346225837,98.38097844720002,99.06000541625878,10.233466479339643,9.707046458092552
457,0.14358102458793953,98.39966322726167,99.07869019632042,10.25215125940129,9.688361678030907
458,0.14297080602876597,98.41172642395684,99.06662699962526,10.240088062706123,9.700424874726073
459,0.13971491908033287,98.43943093843728,99.0943315141057,10.212383548225676,9.672720360245625
460,0.13801500565246821,98.45921659807657,99.11411717374499,10.232169207864958,9.692506019884908
461,0.13799867165376387,98.46115564596451,99.11217812585704,10.234108255752908,9.694445067772858
462,0.13449918401097843,98.48921680327607,99.1402392831686,10.20604709844136,9.722506225084405
463,0.1344821403207269,98.49117214799735,99.13828393844732,10.208002443162638,9.724461569805683
464,0.1313250447264315,98.51749599615167,99.16460778660164,10.181678595008318,9.750785417960003
465,0.1312962071960594,98.52000132466672,99.16210245808658,10.18418392352338,9.748280089444942
466,0.12835578469016737,98.54523470629479,99.18733583971465,10.158950541895305,9.723046707816867
467,0.12832866891776984,98.54763650863417,99.18493403737527,10.161352344234679,9.720644905477492
468,0.12791419600495887,98.55703853013996,99.17553201586948,10.15195032272889,9.730046926983281
469,0.1276113232680204,98.56503778689209,99.16753275911735,10.143951065976761,9.722047670231152
470,0.12512696537804244,98.58792173918658,99.19041671141184,10.121067113682267,9.699163717936658
471,0.12370119910801534,98.60516273941602,99.20765771164128,10.138308113911696,9.681922717707229
472,0.12322409309906254,98.61506557796096,99.19775487309633,10.128405275366749,9.691825556252176
473,0.12281694064460166,98.62419724835206,99.18862320270523,10.11927360497565,9.700957226643276
474,0.12096865078202493,98.64352669646973,99.2079526508229,10.138603053093316,9.720286674760942
475,0.12060236587920893,98.65210874643381,99.19937060085883,10.130021003129235,9.728868724725023
476,0.12036829229719284,98.65893788210411,99.19254146518853,10.12319186745894,9.722039589054729
477,0.11866379361970272,98.67731816929276,99.21092175237717,10.141572154647587,9.740419876243376
478,0.1162601833166014,98.69901956197258,99.23262314505699,10.11987076196777,9.718718483563558
479,0.11623688711800145,98.70113830016622,99.23050440686335,10.12198950016141,9.716599745369917
480,0.11621671297687254,98.70310977347673,99.22853293355284,10.123960973471915,9.714628272059413
481,0.11613525432667897,98.70708294395553,99.22455976307404,10.127934143950718,9.718601442538215
482,0.1161195506876695,98.70882156880087,99.2228211382287,10.12967276879606,9.716862817692872
483,0.11576406732284333,98.71710500659489,99.21453770043468,10.121389331002039,9.725146255486894
484,0.11414250539128953,98.73468691971182,99.2321196135516,10.13897124411897,9.742728168603826
485,0.11410991329787487,98.73717778414792,99.2296287491155,10.14146210855507,9.745219033039925
486,0.11408241313329295,98.73946552123796,99.22734101202546,10.143749845645115,9.74750677012997
487,0.11405921043953608,98.74156666099508,99.22523987226835,10.145850985402227,9.749607909887082
488,0.11378042088262834,98.74881364391426,99.21799288934916,10.138604002483047,9.742360926967903
489,0.11249161754779578,98.76444411150644,99.23362335694134,10.154234470075224,9.726730459375727
490,0.11023204369710789,98.78493186685438,99.25411111228928,10.133746714727287,9.70624270402779
491,0.11016296365627136,98.78849533969868,99.25054763944497,10.137310187571591,9.709806176872094
492,0.10868696644989347,98.80486108657679,99.26691338632308,10.153675934449696,9.726171923750199
493,0.10868620063865041,98.8052325132297,99.26654195967018,10.154047361102602,9.725800497097293
494,0.10868553733866833,98.80557819128623,99.26619628161365,10.154393039159128,9.725454819040767
495,0.10843121611505133,98.81233504624588,99.259439426654,10.147636184199486,9.718697964081125
496,0.10747198406121103,98.82550723596741,99.27261161637553,10.160808373921022,9.70552577435959
497,0.10667147831999743,98.8374912315213,99.28459561192942,10.172792369474918,9.693541778805693
498,0.10662912703460517,98.84023612323244,99.28185072021827,10.175537261186065,9.696286670516841
499,0.10662046395729696,98.83899879297475,99.28308805047597,10.174299930928367,9.69752400077454
500,0.10602691210734036,98.84924902149461,99.2728378219561,10.164049702408509,9.707774229294397
501,0.10477837716118944,98.86402152837071,99.2876103288322,10.1788222092846,9.72254673617049
502,0.1026306077316767,98.88329726624997,99.30688606671146,10.159546471405344,9.703270998291233
503,0.10196414962716983,98.89398536945808,99.31757416991957,10.170234574613447,9.69258289508313
504,0.10173868660636125,98.90014770180963,99.31141183756802,10.164072242261895,9.686420562731577
505,0.10110211146012381,98.9105155431208,99.30104399625685,10.153704400950724,9.696788404042747
506,0.09933342310936123,98.92771158000377,99.31824003313983,10.136508364067744,9.679592367159767
507,0.09924141283066604,98.93161536809954,99.31433624504406,10.140412152163513,9.683496155255536
508,0.09923199791030843,98.93037094294468,99.31558067019893,10.139167727008646,9.684740580410404
509,0.09915304161407115,98.93398546112992,99.31196615201368,10.142782245193889,9.688355098595647
510,0.0975403588959752,98.95025180184182,99.32823249272558,10.126515904481998,9.672088757883756
511,0.09742345369364427,98.95461196698409,99.3238723275833,10.130876069624268,9.676448923026026
512,0.09598886526858424,98.96982558599908,99.33908594659829,10.115662450609276,9.661235304011035
513,0.09538930703403964,98.97959957688586,99.3293119557115,10.105888459722497,9.671009294897814
514,0.09538404691871817,98.97868762175798,99.33022391083938,10.104976504594624,9.671921250025687
515,0.09531292142856192,98.98203655984288,99.32687497275448,10.101627566509723,9.668572311940785
516,0.09481141585421848,98.99094633204582,99.31796520055154,10.09271779430678,9.677482084143728
517,0.09322213801183091,99.00668763930648,99.3337065078122,10.108459101567442,9.69322339140439
518,0.09182646015155149,99.0213213283146,99.34834019682032,10.123092790575571,9.707857080412518
519,0.08941949194777402,99.04030282371639,99.3673216922221,10.10411129517378,9.726838575814309
520,0.0887182572352003,99.05053292717463,99.37755179568035,10.114341398632021,9.716608472356068
521,0.08813364891643685,99.059839892313,99.38685876081871,10.12364836377038,9.707301507217709
522,0.08699283712330902,99.07271034850994,99.39972921701566,10.136518819967327,9.720171963414655
523,0.08698199817914101,99.07146029546664,99.40097927005897,10.135268766924026,9.721422016457955
524,0.08652302397264587,99.07962829325567,99.409147267848,10.143436764713062,9.71325401866892
525,0.08408793948492768,99.09815152238343,99.42767049697576,10.124913535585298,9.731777247796684
526,0.08271468011324999,99.1119747048425,99.44149367943483,10.111090353126233,9.717954065337619
527,0.0827111559309246,99.111279637286,99.44218874699132,10.110395285569735,9.718649132894116
528,0.08228432737174766,99.11896096824876,99.44987007795407,10.118076616532488,9.710967801931364
529,0.08192939869791042,99.12594890543619,99.4568580151415,10.125064553719927,9.703979864743925
530,0.08082108126348235,99.13821576809126,99.46912487779657,10.112797691064864,9.691713002088862
531,0.07987526672542956,99.14947613132279,99.4803852410281,10.10153732783333,9.680452638857329
532,0.07986024036176732,99.14806578472654,99.48179558762435,10.100126981237086,9.681862985453574
533,0.07984722058637536,99.14675309498047,99.48310827737042,10.098814291491017,9.683175675199642
534,0.07983593980266776,99.14553130943919,99.4843300629117,10.097592505949736,9.684397460740923
535,0.07975423629010946,99.14881489725715,99.48104647509373,10.094308918131768,9.681113872922955
536,0.07968274859079937,99.15188487169088,99.47797650066,10.091238943698038,9.678043898489225
537,0.07944609169972218,99.15748964826516,99.47237172408573,10.096843720272314,9.683648675063502
538,0.07875423513908109,99.16703614496244,99.46282522738845,10.087297223575028,9.693195171760788
539,0.07874668602686268,99.16604351530643,99.46381785704446,10.086304593919023,9.694187801416794
540,0.07874014573821299,99.16511963392357,99.46474173842732,10.085380712536168,9.695111682799649
541,0.07752603765653018,99.17766188308917,99.47728398759293,10.09792296170177,9.70765393196525
542,0.0754533248043076,99.19384475563868,99.49346686014243,10.08174008915226,9.72383680451476
543,0.07507826503515369,99.200722461494,99.50034456599775,10.08861779500758,9.716959098659439
544,0.07476647327018354,99.20697898108367,99.50660108558742,10.094874314597247,9.710702579069773
545,0.07460558860985278,99.21145620487229,99.5021238617988,10.09935153838587,9.715179802858396
546,0.07459623151289514,99.21038062357927,99.50319944309182,10.098275957092845,9.71625538415142
547,0.07371586520580851,99.22081745886923,99.51363627838178,10.08783912180288,9.705818548861455
548,0.07347283504790718,99.22629202585165,99.5191108453642,10.093313688785297,9.700343981879037
549,0.07245562643669409,99.23738592135196,99.5302047408645,10.1044075842856,9.711437877379339
550,0.07234041868899974,99.24109992011948,99.52649074209698,10.100693585518076,9.707723878611816
551,0.07218151119237391,99.24547672973596,99.52211393248051,10.105070395134549,9.712100688228288
552,0.07204727662671877,99.24949531950385,99.51809534271261,10.109088984902444,9.716119277996183
553,0.07118790128317849,99.25962897961656,99.52822900282533,10.098955324789735,9.705985617883474
554,0.07046861892700013,99.26883991912862,99.51901806331327,10.089744385277681,9.715196557395528
555,0.07025291550616809,99.27388287720731,99.52406102139196,10.094787343356378,9.71015359931683
556,0.07010539024451272,99.27803882101786,99.51990507758141,10.098943287166927,9.71430954312738
557,0.06813224366502123,99.29304825401486,99.53491451057842,10.083933854169924,9.729318976124382
558,0.06756349355967703,99.30106463947881,99.52689812511447,10.07591746870598,9.737335361588327
559,0.0675595485782938,99.30040002923396,99.52756273535933,10.07525285846112,9.737999971833187
560,0.06678944626693212,99.30969063374789,99.53685333987326,10.065962253947179,9.728709367319246
561,0.06613373744203953,99.31821797395136,99.54538068007673,10.057434913743707,9.720182027115774
562,0.06509838557147865,99.3288318376909,99.55599454381627,10.068048777483245,9.730795890855312
563,0.06346135351914847,99.34201615141319,99.56917885753856,10.054864463760948,9.743980204577609
564,0.06299407041088405,99.34903073599905,99.5621642729527,10.04784987917509,9.750994789163467
565,0.06282187510907838,99.35328177941231,99.55791322953944,10.052100922588345,9.755245832576723
566,0.062433069259224955,99.3596497736686,99.55154523528316,10.045732928332063,9.761613826833004
567,0.06210099062848099,99.36551793191634,99.5456770770354,10.03986477008432,9.767481985080748
568,0.06168233884450853,99.37210707923568,99.55226622435474,10.046453917403651,9.760892837761416
569,0.061348770834539455,99.3779527993697,99.54642050422072,10.040608197269636,9.766738557895431
570,0.06122702270568276,99.38148092839276,99.54289237519765,10.044136326292701,9.770266686918497
571,0.06112418402243158,99.3847205305968,99.53965277299362,10.047375928496733,9.773506289122528
572,0.06112378231842855,99.38492224985346,99.53945105373695,10.047577647753396,9.773304569865864
573,0.06106388329358898,99.38738233899728,99.53699096459313,10.045117558609576,9.770844480722044
574,0.06034181530025903,99.3959342235434,99.54554284913925,10.036565674063453,9.762292596175921
575,0.060063627515379865,99.40121541933817,99.54026165334449,10.031284478268692,9.767573791970683
576,0.05994222305004672,99.40470143699052,99.53677563569214,10.034770495921048,9.77105980962304
577,0.05951481706989071,99.41124168426728,99.5433158829689,10.041310743197805,9.764519562346283
578,0.05923892639836509,99.41646481018759,99.53809275704859,10.03608761727749,9.769742688266598
579,0.05923880120352917,99.41657567626841,99.53798189096777,10.036198483358302,9.769631822185787
580,0.05798798951066849,99.42758068047188,99.54898689517124,10.02519347915484,9.780636826389248
581,0.056866835895842884,99.43789376785828,99.55929998255765,10.01488039176843,9.790949913775657
582,0.056755417066422925,99.44114329517133,99.5560504552446,10.018129919081478,9.794199441088704
583,0.05660807395781705,99.44487269342964,99.55232105698629,10.014400520823157,9.797928839347025
584,0.05563292623989435,99.45438075696184,99.56182912051848,10.004892457290959,9.807436902879223
585,0.05476978132437095,99.46326939467673,99.57071775823337,10.013781095005852,9.816325540594116
586,0.054720926531384516,99.46537254682968,99.56861460608042,10.011677942852899,9.814222388441163
587,0.05405574058134041,99.47314206245923,99.57638412170996,10.003908427223354,9.806452872811619
588,0.05348897431072112,99.4802731382689,99.58351519751963,9.996777351413693,9.799321797001957
589,0.05259788946696283,99.48912622330423,99.59236828255496,10.005630436449017,9.808174882037282
590,0.05249161470794725,99.49217835355547,99.58931615230371,10.00868256670026,9.811227012288525
591,0.05245590534080153,99.49393874400599,99.5875557618532,10.006922176249748,9.809466621838013
592,0.051948370403365036,99.50060154165726,99.59421855950447,10.013584973901024,9.802803824186737
593,0.0517997355602151,99.50418493166212,99.5906351694996,10.01000158389616,9.8063872141916
594,0.05167319273992139,99.50748690992219,99.58733319123954,10.00669960563609,9.809689192451671
595,0.05085495579575119,99.51581113362562,99.59565741494296,9.998375381932663,9.818013416155098
596,0.05009971525200475,99.5237618581864,99.60360813950375,10.006326106493452,9.825964140715888
597,0.05003215009149854,99.52613734029204,99.60123265739811,10.008701588599092,9.828339622821527
598,0.04951410634366254,99.53271019477674,99.60780551188282,10.01527444308379,9.821766768336829
599,0.04873282776456389,99.5406725530794,99.61576787018548,10.007312084781132,9.829729126639487
600,0.0486697474675478,99.54293634371274,99.61350407955214,10.009575875414468,9.831992917272823
601,0.048188059451962965,99.54918817244952,99.61975590828892,10.015827704151254,9.825741088536036
602,0.04763263472646312,99.55585165874558,99.62641939458499,10.009164217855195,9.819077602239977
603,0.04755170413697309,99.55838647433981,99.62388457899075,10.011699033449425,9.821612417834206
604,0.04705233697401231,99.56466454038313,99.63016264503408,10.00542096740611,9.815334351790892
605,0.04702343302301184,99.5661640459672,99.62866313945001,10.00392146182205,9.813834846206833
606,0.046924616247713484,99.56894675843787,99.62588042697934,10.006704174292727,9.816617558677509
607,0.04655864297691386,99.5743004466178,99.63123411515926,10.012057862472656,9.81126387049758
608,0.046552527588771944,99.57498731815225,99.6305472436248,10.012744734007114,9.810576998963121
609,0.04654722570778519,99.57562683995134,99.62990772182572,10.013384255806209,9.809937477164027
610,0.046124590694550036,99.58134321907156,99.63562410094593,10.007667876685995,9.804221098043813
611,0.04611966200520364,99.58195698396518,99.6350103360523,10.008281641579625,9.803607333150183
612,0.04576036617574766,99.58720511308964,99.64025846517676,10.003033512455168,9.798359204025726
613,0.04509152791230689,99.59430296012032,99.64735631220744,10.010131359485847,9.805457051056404
614,0.04498256907596492,99.59716412398531,99.64449514834244,10.012992523350844,9.808318214921401
615,0.0447413930265386,99.60142190086232,99.64875292521945,10.017250300227852,9.804060438044393
616,0.044647384253728696,99.60406940052415,99.64610542555762,10.01989779988968,9.806707937706221
617,0.044450378047395926,99.60789257415445,99.64228225192733,10.016074626259378,9.810531111336523
618,0.044282434953414544,99.61141525693381,99.63875956914796,10.012551943480013,9.814053794115889
619,0.04389273771771026,99.61676955359796,99.64411386581212,10.007197646815865,9.808699497451741
620,0.043743442480009914,99.6200703414516,99.64081307795848,10.00389685896223,9.812000285305375
621,0.04306874135741677,99.62702591069915,99.64776864720604,9.996941289714673,9.818955854552932
622,0.04296627098437148,99.62973542041176,99.64505913749342,9.994231780002053,9.821665364265552
623,0.04287757014127661,99.63225556897576,99.64253898892942,9.996751928566054,9.824185512829553
624,0.04252841481207406,99.63724350340557,99.64752692335922,9.99176399413624,9.81919757839974
625,0.04221456830171236,99.64196382476156,99.65224724471521,9.996484315492225,9.814477257043755
626,0.04195298722537845,99.64625857015233,99.65654199010598,10.000779060882987,9.810182511652993
627,0.04194334219949895,99.64707658094014,99.65572397931817,9.999961050095175,9.80936450086518
628,0.041838615157656175,99.64978188457401,99.6530186756843,10.002666353729055,9.81206980449906
629,0.041827924902437336,99.65064189632922,99.65215866392909,10.00180634197385,9.811209792743856
630,0.04128432090316429,99.65676215039879,99.65827891799866,10.007926596043426,9.817330046813431
631,0.041080287067832115,99.66051429286175,99.66203106046162,10.011678738506381,9.813577904350476
632,0.040910603871386314,99.66392826239397,99.66544502999383,10.015092708038603,9.810163934818254
633,0.04046485141397651,99.6694121256202,99.67092889322006,10.02057657126483,9.81564779804448
634,0.04027529258371414,99.67298214394735,99.66735887489291,10.017006552937682,9.819217816371628
635,0.0401136660887837,99.6762714726265,99.66406954621377,10.013717224258533,9.822507145050777
636,0.03978890374518877,99.68092444983783,99.6687225234251,10.0090642470472,9.817854167839444
637,0.03978887676011985,99.6809666337601,99.66868033950284,10.009106430969458,9.817811983917187
638,0.039513278988167554,99.68523686133071,99.67295056707346,10.004836203398849,9.813541756346577
639,0.039364736178086265,99.68836051078702,99.66982691761714,10.001712553942541,9.816665405802885
640,0.03919369134913386,99.69171564272784,99.67318204955797,10.005067685883366,9.81331027386206
641,0.03918436766734518,99.69249300810533,99.67240468418048,10.00429032050588,9.812532908484574
642,0.03910153169201997,99.69481875122827,99.67007894105754,10.006616063628814,9.814858651607507
643,0.039091419094612403,99.69562738095637,99.66927031132944,10.005807433900713,9.814050021879407
644,0.03865027931346741,99.70095960069675,99.67460253106982,10.011139653641091,9.819382241619785
645,0.03864988868631788,99.70080143399151,99.67476069777506,10.010981486935854,9.819540408325022
646,0.03859467960655632,99.70268745776183,99.67287467400475,10.012867510706164,9.82142643209533
647,0.03845315200043452,99.70570085249216,99.66986127927441,10.00985411597584,9.824439826825655
648,0.03807684689273937,99.71058711033994,99.6747475371222,10.01474037382362,9.829326084673436
649,0.03795141295250093,99.7134051597547,99.67192948770744,10.011922324408863,9.832144134088194
650,0.03795138382266259,99.71336236169145,99.67197228577069,10.011879526345618,9.832186932151439
651,0.03761827108629321,99.71793070625583,99.67654063033507,10.016447870909992,9.836755276715813
652,0.03728207361446394,99.72251430363428,99.68112422771352,10.011864273531538,9.832171679337359
653,0.03696801597191137,99.72691115546424,99.68552107954348,10.016261125361488,9.836568531167309
654,0.036660124052396534,99.73126015751335,99.68987008159259,10.011912123312376,9.832219529118197
655,0.03614802585471934,99.73680962841831,99.69541955249755,10.006362652407406,9.837769000023167
656,0.03601337309474741,99.73966269050376,99.698272614583,10.009215714492852,9.834915937937721
657,0.035539208806636316,99.74495643173681,99.70356635581605,10.0039219732598,9.840209679170773
658,0.03525936309377444,99.74900927458408,99.70761919866332,10.00797481610707,9.844262522018044
659,0.03522797582890964,99.75036185877113,99.70626661447628,10.006622231920021,9.842909937830994
660,0.03520051992572096,99.75162637482046,99.70500209842695,10.005357715870694,9.841645421781667
661,0.03510088994572811,99.75404147066962,99.70258700257779,10.002942620021528,9.844060517630833
662,0.0350788084108886,99.75517348826926,99.70145498497814,10.001810602421878,9.842928500031183
663,0.03468117378001144,99.75996013277474,99.70624162948361,9.997023957916413,9.847715144536648
664,0.034463909848341454,99.76350048698137,99.70978198369025,9.993483603709773,9.844174790330008
665,0.03431910313758087,99.76638908248088,99.71267057918976,9.996372199209286,9.841286194830495
666,0.03423423875156169,99.76859017034516,99.71046949132548,9.994171111345013,9.843487282694769
667,0.03418863376567192,99.77020346507182,99.70885619659883,9.99578440607167,9.845100577421425
668,0.03418628462351578,99.77056825765558,99.70849140401506,9.99614919865544,9.844735784837654
669,0.03405285941820061,99.77333002095972,99.7112531673192,9.998910961959574,9.84197402153352
670,0.033968328223575615,99.7755182350985,99.70906495318042,9.996722747820789,9.844162235672306
671,0.03396711124018825,99.77577995395912,99.7088032343198,9.9969844666814,9.843900516811694
672,0.03361630472945293,99.78020524098874,99.71322852134942,9.992559179651778,9.848325803841316
673,0.03360448319829646,99.78101586876268,99.71241789357548,9.991748551877826,9.847515176067365
674,0.03329406035018046,99.78515751947677,99.71655954428957,9.98760690116374,9.85165682678145
675,0.03325271373112698,99.78667243852871,99.71504462523762,9.989121820215681,9.853171745833391
676,0.03324595297138678,99.78728275113654,99.71443431262979,9.98973213282352,9.852561433225553
677,0.033200419875568016,99.78887004908479,99.71284701468154,9.988144834875266,9.854148731173806
678,0.03319332632778908,99.78949470309377,99.71222236067257,9.988769488884245,9.853524077164828
679,0.0330341831748318,99.7924661150519,99.7151937726307,9.99174090084238,9.850552665206692
680,0.032982724088201076,99.79414808265454,99.71351180502805,9.990058933239737,9.852234632809335
681,0.03270364394961552,99.79803934722207,99.71740306959558,9.986167668672207,9.856125897376865
682,0.03246240181300891,99.80164949547677,99.72101321785027,9.989777816926896,9.859736045631553
683,0.03228494969140931,99.80474566616371,99.72410938853722,9.986681646239953,9.85663987494461
684,0.032134756579935725,99.80758691568573,99.72695063805924,9.983840396717934,9.853798625422591
685,0.03209518751190769,99.80904173913365,99.72549581461132,9.982385573270026,9.8552534488705
686,0.03187413921070667,99.81245932865542,99.7289134041331,9.978967983748253,9.858671038392272
687,0.031751824933360547,99.81500751888461,99.73146159436229,9.976419793519065,9.856122848163084
688,0.031737708341583945,99.8158692317499,99.730599881497,9.977281506384356,9.855261135297793
689,0.03168624842611262,99.8175191703098,99.7289499429371,9.978931444944248,9.856911073857685
690,0.03157280374240659,99.81996614532669,99.731396917954,9.976484469927348,9.854464098840785
691,0.03157084386826729,99.82028604245222,99.73107702082847,9.976164572801814,9.85414420171525
692,0.03155957332238604,99.8210538264408,99.73030923683989,9.976932356790387,9.853376417726677
693,0.03150689580390076,99.82271846384252,99.72864459943817,9.978596994192111,9.855041055128401
694,0.031310484358635676,99.82591084507277,99.73183698066842,9.97540461296186,9.858233436358653
695,0.03130837840311465,99.8262410739128,99.73150675182839,9.975074384121832,9.857903207518625
696,0.03116188668752397,99.82900988930005,99.73427556721565,9.977843199509094,9.855134392131363
697,0.03107083352095522,99.83118427155357,99.73644994946916,9.975668817255581,9.852960009877851
698,0.0310405745075709,99.83243533697299,99.73519888404974,9.97441775183616,9.854211075297272
699,0.030916179263999092,99.83497629836208,99.73773984543882,9.976958713225244,9.851670113908188
700,0.030812804595674995,99.83728838801358,99.74005193509032,9.979270802876746,9.849358024256686
701,0.030808893200444578,99.83773525322597,99.73960506987792,9.979717668089144,9.848911159044288
702,0.030725075276914867,99.83981389069906,99.74168370735102,9.981796305562233,9.8468325215712
703,0.030673166519568643,99.84144306168083,99.74005453636924,9.980167134580457,9.848461692552975
704,0.03067248120713827,99.84162952114195,99.73986807690812,9.979980675119334,9.848275233091853
705,0.030594492563268953,99.84363022138872,99.74186877715489,9.981981375366106,9.846274532845081
706,0.030529770528256426,99.84545069842947,99.74368925419564,9.983801852406852,9.844454055804334
707,0.030472225739438683,99.84716211467389,99.74540067044006,9.982090436162428,9.84274263955991
708,0.030423689309837524,99.84873251823186,99.74697107399803,9.980520032604467,9.841172236001949
709,0.030375705003562646,99.85029585878732,99.74853441455349,9.982083373159936,9.83960889544648
710,0.030303317011507857,99.8522099557647,99.7466203175761,9.98399747013733,9.841522992423874
711,0.03030331163655365,99.85222638233213,99.74660389100868,9.984013896704754,9.84150656585645
712,0.030235731528831297,99.85407224291197,99.74475803042884,9.982168036124918,9.843352426436287
713,0.030032267534525564,99.85726065226311,99.74794643977998,9.985356445476059,9.846540835787428
714,0.03003222958785419,99.85730410469516,99.74790298734793,9.985399897908115,9.846497383355372
715,0.029855213659340105,99.86026866358756,99.75086754624033,9.988364456800518,9.849461942247775
716,0.029701274204758932,99.86302558487118,99.75362446752395,9.991121378084134,9.852218863531391
717,0.02970125981327534,99.86299897049638,99.75365108189875,9.991094763709329,9.852245477906196
718,0.029701247334502686,99.86297418825578,99.75367586413935,9.991069981468733,9.852270260146792
719,0.029667474175771383,99.86427021444503,99.7549718903286,9.99236600765798,9.850974233957546
720,0.029602660635501724,99.86606053655932,99.7567622124429,9.990575685543693,9.849183911843259
721,0.029405582904556336,99.86915985414262,99.7598615300262,9.98747636796039,9.852283229426561
722,0.02935492801283647,99.8707357815933,99.76143745747687,9.985900440509718,9.85070730197589
723,0.029292326915840543,99.87248435930191,99.75968887976826,9.984151862801102,9.852455879684506
724,0.02913142006577304,99.87527095672193,99.76247547718829,9.981365265381081,9.855242477104527
725,0.02912990576725872,99.8755410612457,99.76220537266452,9.98109516085732,9.854972372580766
726,0.0289880716053642,99.8781504471698,99.76481475858863,9.978485774933214,9.857581758504873
727,0.028950450330715926,99.87949776835607,99.76346743740235,9.977138453746946,9.85892907969114
728,0.02890608816088346,99.88096092483686,99.76200428092157,9.978601610227726,9.86039223617192
729,0.028875741123308547,99.8821693593258,99.76079584643263,9.977393175738788,9.861600670660858
730,0.028874596344826975,99.882403176152,99.76056202960643,9.977159358912596,9.861366853834665
731,0.028831457613680903,99.88384438102842,99.76200323448286,9.975718154036171,9.85992564895824
732,0.02877729801925503,99.88546108952748,99.76361994298192,9.977334862535225,9.858308940459187
733,0.028640990516878503,99.88800832835446,99.7661671818089,9.97988210136221,9.860856179286172
734,0.028602310260828503,99.88936754161416,99.7675263950686,9.978522888102509,9.859496966026471
735,0.02856251508158525,99.8907450303948,99.76614890628797,9.97990037688315,9.860874454807112
736,0.028560737594885605,99.89103506497884,99.76585887170393,9.980190411467195,9.860584420223066
737,0.028523233708589404,99.89237158833393,99.76719539505902,9.978853888112099,9.85924789686797
738,0.02849161807137461,99.89359797657133,99.76842178329642,9.977627499874703,9.858021508630575
739,0.028464971739546794,99.8947232915921,99.76954709831719,9.976502184853928,9.8568961936098
740,0.028442517485548584,99.89575585786642,99.77057966459151,9.975469618579607,9.855863627335479
741,0.028411514927080172,99.8969710064687,99.7717948131938,9.976684767181887,9.8546484787332
742,0.028385819584805235,99.89807671856445,99.77290052528954,9.977790479277637,9.85354276663745
743,0.028333601005817364,99.89964848485478,99.77132875899922,9.97936224556796,9.855114532927773
744,0.02833330819274423,99.89976573037545,99.77121151347855,9.979479491088627,9.854997287407107
745,0.028290777791894428,99.90118192641265,99.76979531744135,9.978063295051433,9.856413483444301
746,0.028290235415524674,99.90134137766852,99.76963586618548,9.978222746307308,9.856254032188426
747,0.028265055631953376,99.9024336023643,99.77072809088126,9.97931497100309,9.855161807492644
748,0.028245236934374376,99.90340028824872,99.77169477676568,9.978348285118669,9.854195121608223
749,0.02822853989604526,99.90428729998901,99.77258178850597,9.977461273378378,9.853308109867932
750,0.02811980547846093,99.9065369711872,99.77483145970416,9.97521160218019,9.85555778106612
751,0.02802399117314,99.90864492307391,99.77693941159087,9.97310365029347,9.857665732952839
752,0.027993472463811415,99.90983814123341,99.77574619343137,9.97191043213397,9.858858951112339
753,0.02791380410471008,99.91175624469,99.77766429688796,9.969992328677383,9.860777054568926
754,0.027881644814955486,99.91298227964502,99.77889033184299,9.97121836363241,9.8595510196139
755,0.02787241228580575,99.9136376458104,99.77954569800836,9.97056299746703,9.858895653448519
756,0.02775581133171868,99.91595654695716,99.78186459915513,9.972881898613796,9.861214554595286
757,0.02765457166481237,99.9181130752498,99.78402112744777,9.975038426906439,9.863371082887928
758,0.027652382130671033,99.9184298144671,99.78370438823048,9.975355166123741,9.863054343670626
759,0.02763291431826997,99.91937935277474,99.78465392653811,9.97630470443137,9.862104805362996
760,0.027621650162420346,99.92009999452998,99.78537456829335,9.97558406267613,9.861384163607756
761,0.027589510592589073,99.9213156456102,99.78415891721312,9.974368411595897,9.86259981468799
762,0.027579657346832955,99.92198912432538,99.78483239592829,9.973694932880731,9.861926335972823
763,0.027561914675216907,99.92289443410503,99.78573770570794,9.974600242660381,9.861021026193173
764,0.02755428667394655,99.92348671966928,99.7863299912722,9.974007957096129,9.86042874062892
765,0.027553021066821518,99.9237270972927,99.78608961364878,9.974248334719539,9.860188363005511
766,0.027521557699964457,99.9249284022396,99.78488830870188,9.973047029772635,9.861389667952414
767,0.027514817183594494,99.92548476298226,99.78544466944454,9.972490669029977,9.860833307209756
768,0.02746838374427035,99.9269440501235,99.78398538230331,9.97394995617121,9.86229259435099
769,0.02738291680022098,99.92891545357217,99.78595678575199,9.97592135961989,9.86426399779967
770,0.027349460726985825,99.93015130931609,99.78472093000808,9.9771572153638,9.865499853543579
771,0.027337221362789904,99.93089862643524,99.78546824712723,9.976409898244658,9.864752536424437
772,0.02730652882979564,99.93208138416942,99.78428548939304,9.977592655978837,9.865935294158616
773,0.027240351382688443,99.9338112874598,99.78601539268342,9.979322559269214,9.867665197448993
774,0.0272280988913957,99.93455899342123,99.78676309864485,9.980070265230639,9.866917491487568
775,0.02720614876508949,99.93555729328573,99.78576479878036,9.981068565095127,9.867915791352056
776,0.02720483920158756,99.93580003428703,99.78552205777906,9.980825824093822,9.867673050350751
777,0.02719449776981989,99.93648652005106,99.7862085435431,9.981512309857859,9.866986564586714
778,0.02717548638407576,99.93741504426661,99.78528001932754,9.982440834073408,9.867915088802263
779,0.027175485992799668,99.93741922411161,99.78527583948255,9.982445013918406,9.867910908957265
780,0.027166797380253842,99.93804813520158,99.78590475057253,9.983073925008387,9.867281997867284
781,0.027166775341733305,99.93801663874683,99.78593624702728,9.98304242855363,9.867313494322042
782,0.027119429679070786,99.93947634429342,99.78739595257387,9.98450213410023,9.868773199868643
783,0.02707841298395657,99.94083387950673,99.78875348778718,9.98585966931353,9.870130735081943
784,0.027011295348725456,99.94256555390515,99.7904851621856,9.984127994915102,9.871862409480372
785,0.026984680681169756,99.94365954035838,99.78939117573238,9.983034008461875,9.872956395933599
786,0.026973965683749084,99.94435397771926,99.7886967383715,9.983728445822745,9.87365083329447
787,0.02697392534874511,99.94439643597894,99.78865428011181,9.983770904082435,9.87360837503478
788,0.02697039835618729,99.94479308947554,99.78825762661522,9.983374250585841,9.873211721538185
789,0.02696175566727505,99.94541796176559,99.78888249890527,9.98399912287588,9.872586849248146
790,0.02694202532244758,99.9463599817656,99.78982451890528,9.983057102875863,9.871644829248128
791,0.026939633953216156,99.94668640366235,99.78949809700852,9.982730680979103,9.871318407351367
792,0.0268840298223136,99.94825869217154,99.7910703855177,9.981158392469919,9.872890695860551
793,0.02687616614738943,99.94885378424989,99.79166547759606,9.98175348454828,9.87229560378219
794,0.026869652410258293,99.94939532328694,99.7922070166331,9.982295023585332,9.871754064745138
795,0.026856026412241357,99.95017687433571,99.79298856768187,9.981513472536554,9.87097251369636
796,0.026851102978571496,99.95064751652356,99.79345920986972,9.98198411472441,9.870501871508504
797,0.026816910625696515,99.9518809140133,99.79469260735947,9.983217512214155,9.871735268998249
798,0.026814525995860476,99.95220611842372,99.79436740294905,9.982892307803736,9.87141006458783
799,0.02681244175366183,99.95251014061233,99.79406338076043,9.982588285615126,9.87110604239922
800,0.026786959371376522,99.9535766685918,99.79299685278097,9.98152175763567,9.872172570378675
801,0.026765315060262355,99.95455917184462,99.79201434952815,9.980539254382844,9.873155073631501
802,0.02673306852557319,99.95575506309183,99.79321024077535,9.98173514563005,9.874350964878708
803,0.026727542376611464,99.95625253396074,99.79370771164426,9.982232616498964,9.873853494009795
804,0.026707329574336608,99.95720094341948,99.79275930218552,9.981284207040218,9.87480190346854
805,0.026665568298667876,99.95855781548161,99.79411617424765,9.979927334978088,9.876158775530671
806,0.02666535324900558,99.95865528394003,99.79401870578923,9.980024803436505,9.876061307072254
807,0.026653124953764835,99.9593928576638,99.794756279513,9.979287229712737,9.875323733348486
808,0.02664282499468971,99.9600696399955,99.79543306184469,9.978610447381046,9.874646951016794
809,0.02663689382587927,99.96058415072642,99.79594757257561,9.979124958111962,9.874132440285878
810,0.026631981112832933,99.96105236393802,99.79641578578722,9.979593171323566,9.873664227074274
811,0.026631004826459515,99.9612597305661,99.79620841915914,9.979385804695488,9.873456860446195
812,0.026618940806225334,99.96199172948899,99.79547642023626,9.980117803618379,9.874188859369086
813,0.026581597705157854,99.96327274621902,99.79675743696629,9.978836786888342,9.875469876099123
814,0.026576582642610685,99.96374531344973,99.797230004197,9.979309354119055,9.87499730886841
815,0.026560591989882986,99.96458652714362,99.79638879050312,9.978468140425166,9.875838522562299
816,0.026552553655333298,99.96518337660414,99.79698563996364,9.97787129096464,9.875241673101772
817,0.026538761090335677,99.96596430218152,99.79620471438626,9.977090365387262,9.87602259867915
818,0.02652705090117014,99.96668368943887,99.79548532712892,9.976370978129916,9.876741985936496
819,0.026516944194732984,99.96735238666727,99.79481662990051,9.977039675358318,9.877410683164898
820,0.026508655244775175,99.96795797174364,99.79542221497688,9.976434090281954,9.876805098088534
821,0.026481899847304282,99.96904014631573,99.79650438954897,9.975351915709865,9.877887272660622
822,0.026473680487337926,99.96964221866618,99.79590231719853,9.974749843359422,9.878489345011065
823,0.026447235857061328,99.97071933064201,99.79697942917436,9.975826955335249,9.879566456986892
824,0.026439139576555984,99.9713182331298,99.79757833166214,9.976425857823026,9.878967554499114
825,0.026417025092591015,99.97230262072901,99.79856271926135,9.977410245422238,9.879951942098327
826,0.02641099707966544,99.97281910679197,99.79907920532432,9.977926731485205,9.87943545603536
827,0.02640353472120679,99.97339255803567,99.79965265656801,9.977353280241514,9.878862004791669
828,0.026397250210285533,99.97391874202565,99.80017884055799,9.976827096251533,9.878335820801688
829,0.026388700439953047,99.9745322788406,99.79956530374304,9.977440633066493,9.878949357616648
830,0.02637002444278285,99.97543606845866,99.8004690933611,9.978344422684565,9.87985314723472
831,0.026369835888664088,99.97552683188327,99.80037832993649,9.978435186109175,9.879762383810109
832,0.02636602112776032,99.97593734812077,99.80078884617399,9.978845702346671,9.879351867572613
833,0.02634332117998523,99.97693148968774,99.80178298774096,9.97785156077969,9.880346009139593
834,0.02632795822298731,99.97775052208554,99.80260202013876,9.978670593177487,9.88116504153739
835,0.026326379922955015,99.97801266869989,99.80233987352442,9.978408446563137,9.88090289492304
836,0.026317152317877925,99.9786487180749,99.80170382414941,9.977772397188128,9.881538944298049
837,0.02631591848159341,99.97888045468848,99.80147208753583,9.977540660574544,9.881307207684465
838,0.026315601979126,99.9789979298528,99.80135461237151,9.977658135738858,9.88118973252015
839,0.026311587979754438,99.97941859635158,99.8017752788703,9.978078802237645,9.880769066021363
840,0.02629252005543242,99.98032882969372,99.80268551221243,9.977168568895513,9.881679299363496
841,0.026275766579937507,99.98118174551448,99.80353842803319,9.976315653074757,9.882532215184252
842,0.026275101831932733,99.98135186114253,99.80336831240514,9.976485768702808,9.8823620995562
843,0.026274525199675342,99.98151029819668,99.80320987535099,9.976644205756957,9.882203662502052
844,0.02627357326949806,99.98171368253028,99.80300649101738,9.97644082142336,9.882000278168455
845,0.02625998750861847,99.98248288184514,99.80377569033224,9.977210020738214,9.88276947748331
846,0.026259558140909935,99.98261956231178,99.8036390098656,9.977346701204851,9.882632797016672
847,0.026254976626609663,99.9830675270657,99.80319104511169,9.977794665958772,9.883080761770593
848,0.026248766896592907,99.98358909970165,99.80371261774764,9.977273093322818,9.88255918913464
849,0.026237278174598307,99.98429612451777,99.80441964256376,9.977980118138937,9.883266213950758
850,0.026237000277524018,99.9844060349937,99.80430973208783,9.97809002861487,9.883156303474825
851,0.026230003719094626,99.98495894866971,99.80375681841181,9.977537114938855,9.883709217150841
852,0.0262265331274559,99.98534946667684,99.80414733641894,9.977927632945974,9.883318699143722
853,0.026223658578081174,99.98570485149477,99.80450272123687,9.97828301776391,9.882963314325785
854,0.026208796887896915,99.98650713147379,99.80530500121588,9.977480737784898,9.883765594304798
855,0.026208474009899042,99.98662554025769,99.80518659243198,9.977599146568808,9.883647185520887
856,0.026204842638820988,99.98702397544304,99.80478815724663,9.977997581754153,9.884045620706232
857,0.0262046093119505,99.98712462471602,99.80468750797365,9.978098231027131,9.883944971433253
858,0.02620198823749332,99.98746383810933,99.80502672136697,9.978437444420447,9.883605758039938
859,0.026193725355321835,99.98806292876698,99.80562581202462,9.97903653507809,9.88420484869758
860,0.026191791126608403,99.98835426793246,99.8059171511901,9.979327874243577,9.883913509532093
861,0.0261848564082507,99.98890300177845,99.80646588503609,9.979876608089569,9.884462243378085
862,0.026170946368588195,99.98967860459605,99.80724148785369,9.979101005271968,9.885237846195686
863,0.026170791722205412,99.9897604918908,99.80715960055893,9.979182892566717,9.885155958900937
864,0.026168653175216862,99.99006472744868,99.80685536500106,9.978878657008833,9.884851723343052
865,0.026166970305068694,99.99033634822064,99.80712698577301,9.979150277780793,9.884580102571093
866,0.02616460957425905,99.99065735026339,99.80680598373026,9.979471279823548,9.884901104613848
867,0.026159006476783233,99.99115034070967,99.80729897417653,9.979964270269821,9.885394095060121
868,0.02615775236580942,99.99138477896393,99.8075334124308,9.980198708524096,9.885159656805847
869,0.026151915593227087,99.9918895117277,99.80803814519457,9.97969397576033,9.884654924042081
870,0.026151011271774716,99.99208856025359,99.80823719372046,9.979893024286213,9.884455875516199
871,0.026151000063377196,99.99211059745501,99.80821515651904,9.979915061487635,9.884433838314777
872,0.02614620206378122,99.99256816180275,99.80867272086678,9.979457497139895,9.883976273967038
873,0.02614367483050407,99.99290016069084,99.8083407219787,9.979789496027982,9.884308272855124
874,0.026141774335885517,99.99318681489844,99.8080540677711,9.97950284182039,9.884021618647532
875,0.02614111375796591,99.99335690819262,99.80822416106528,9.979672935114575,9.883851525353347
876,0.026133312981853417,99.99393966238753,99.80764140687037,9.979090180919666,9.884434279548255
877,0.02612911968474505,99.99436728214316,99.808069026626,9.978662561164041,9.88400665979263
878,0.026117814359999724,99.99506577709083,99.80876752157367,9.977964066216366,9.884705154740306
879,0.02611658517437786,99.99529619437328,99.80853710429122,9.97773364893392,9.884474737457861
880,0.026115620429927478,99.99550164730813,99.80874255722607,9.977939101868763,9.884269284523018
881,0.026110142813252045,99.99598863264204,99.80922954255998,9.978426087202667,9.884756269856922
882,0.026106906849456546,99.99636411762987,99.8096050275478,9.978050602214834,9.884380784869089
883,0.02610418205700624,99.99670865407121,99.80994956398915,9.977706065773491,9.884036248427746
884,0.02610113453267514,99.99707293331639,99.80958528474397,9.978070345018663,9.884400527672918
885,0.02610059065739793,99.99722715333102,99.80973950475861,9.978224565033296,9.884246307658286
886,0.026100578393477732,99.9972501849406,99.80971647314904,9.978247596642872,9.88422327604871
887,0.026090824985065354,99.99789862541382,99.81036491362227,9.97759915616965,9.884871716521932
888,0.026082258256867902,99.9985062339795,99.81097252218794,9.976991547603975,9.885479325087607
889,0.026077750550148746,99.99894772639244,99.81141401460089,9.977433040016924,9.885920817500557
890,0.02607256431756632,99.99942232842685,99.81093941256648,9.976958437982525,9.886395419534956
891,0.026065721541106295,99.99996518335024,99.81148226748988,9.97641558305913,9.886938274458352
892,0.026061830964078807,100.0003752169613,99.81189230110094,9.976825616670192,9.887348308069415
893,0.026057867399352435,100.00078999486783,99.81147752319441,9.976410838763666,9.88776308597594
894,0.02605664622258639,100.00101940442846,99.81124811363378,9.976181429203029,9.887533676415304
895,0.02605427641553445,100.00134040719774,99.81156911640306,9.97586042643374,9.887212673646015
896,0.02605228106777254,100.00163494531215,99.81186365451747,9.975565888319334,9.886918135531609
897,0.02605189544020744,100.00176395771705,99.81173464211257,9.975694900724239,9.886789123126704
898,0.026050896633814213,100.00197275002454,99.81194343442006,9.975903693031723,9.88658033081922
899,0.026050624236450663,100.00208118028199,99.8118350041626,9.976012123289182,9.88647190056176
900,0.02604507549198621,100.0025698272967,99.81232365117731,9.975523476274478,9.886960547576464
901,0.026044717056582616,100.00269419490198,99.81219928357203,9.975647843879765,9.886836179971178
902,0.02604097932646704,100.0030959328123,99.81260102148235,9.976049581790086,9.8872379178815
903,0.026036052406637943,100.00355629918079,99.81306138785084,9.975589215421605,9.88769828424998
904,0.026033889170703726,100.00386281133926,99.81275487569236,9.975895727580072,9.888004796408447
905,0.026030877628101426,100.00422417544543,99.8123935115862,9.975534363473903,9.888366160514616
906,0.02602915642584056,100.00449755852941,99.81212012850222,9.975807746557887,9.8886395435986
907,0.026026693458157796,100.00482432411195,99.81179336291967,9.975480980975348,9.88896630918114
908,0.02602460314278601,100.00512534281913,99.8114923442125,9.975179962268165,9.889267327888323
909,0.026022829135386498,100.00540264156386,99.81121504546776,9.974902663523434,9.889544626633054
910,0.02602098994611391,100.00568580358807,99.81149820749197,9.975185825547632,9.889261464608856
911,0.026019254400957627,100.00596006200485,99.81122394907518,9.974911567130851,9.889535723025636
912,0.026017781503117336,100.00621270740609,99.81097130367394,9.974658921729606,9.889788368426881
913,0.026016662581716823,100.00643307845242,99.81075093262761,9.974879292775935,9.89000873947321
914,0.026016058282250704,100.00659447017944,99.8105895409006,9.975040684502957,9.889847347746187
915,0.026015534030617248,100.00674479384313,99.8104392172369,9.975191008166643,9.889697024082501
916,0.026013783521132556,100.00702100618125,99.81071542957503,9.975467220504767,9.889420811744378
917,0.026010350538132252,100.00740509548622,99.81109951888,9.975083131199801,9.889804901049343
918,0.026009571764309757,100.00758812541335,99.81091648895287,9.974900101272675,9.889621871122218
919,0.026007569291224213,100.00788293530486,99.81121129884438,9.974605291381168,9.889327061230711
920,0.02600626231505162,100.00812087230159,99.81097336184766,9.974367354384439,9.88956499822744
921,0.02600515997720522,100.00833955378577,99.81075468036347,9.974586035868619,9.88978367971162
922,0.02600265144822307,100.00866842412596,99.81108355070366,9.974914906208802,9.890112550051803
923,0.026001875511438722,100.00885188147384,99.81090009335577,9.975098363556683,9.890296007399684
924,0.02600082755918441,100.00906492206855,99.81068705276107,9.974885322961978,9.890509047994389
925,0.026000342223628525,100.00920951815476,99.81054245667485,9.97502991904819,9.890364451908177
926,0.025999405854663555,100.0094108869167,99.81034108791292,9.97482855028625,9.890565820670115
927,0.025998611196771118,100.00959639009339,99.81015558473622,9.974643047109556,9.89075132384681
928,0.025998081579686447,100.00974794426104,99.81000403056858,9.974794601277196,9.890902878014451
929,0.025996108223637373,100.01003958966186,99.8102956759694,9.975086246678021,9.891194523415276
930,0.025994193959775945,100.01032832372283,99.81058441003037,9.97537498073899,9.890905789354306
931,0.025991705183935402,100.01065523696799,99.81091132327553,9.975048067493827,9.89123270259947
932,0.025989519834903215,100.01096155760828,99.81121764391582,9.97474174685354,9.891539023239757
933,0.025987981665775834,100.01121900398634,99.81147509029388,9.974999193231602,9.891796469617818
934,0.02598609203951016,100.0115038260016,99.81175991230914,9.974714371216336,9.892081291633083
935,0.025984222444007218,100.01178911524978,99.81204520155732,9.974999660464524,9.891796002384895
936,0.025983315935652732,100.0119864903019,99.81184782650521,9.97480228541242,9.89159862733279
937,0.025981555280307257,100.01226139267754,99.81212272888087,9.974527383036769,9.891873529708441
938,0.025981178824063943,100.0123891274351,99.81199499412331,9.974655117794319,9.892001264465991
939,0.02598068409149784,100.01253544628001,99.8118486752784,9.974508798949401,9.892147583310908
940,0.025979448752129,100.01276612299255,99.81207935199093,9.974739475661933,9.89237826002344
941,0.025979016365863406,100.01290291207677,99.81194256290671,9.974602686577711,9.892515049107661
942,0.02597793594434383,100.01311863667965,99.81215828750959,9.974818411180596,9.892730773710547
943,0.025977558124550038,100.0132464920729,99.81203043211634,9.974690555787344,9.892858629103799
944,0.02597662050985336,100.01344719712009,99.81182972706915,9.974489850740158,9.892657924056612
945,0.0259759828022963,100.01361286452806,99.81166405966118,9.974655518148131,9.892492256648639
946,0.02597517627134334,100.01379900945355,99.81147791473569,9.974469373222638,9.892306111723146
947,0.025974971705700827,100.01389315359563,99.81138377059361,9.97456351736472,9.892400255865228
948,0.02597319707258546,100.01417104763206,99.81166166463004,9.974841411401144,9.892122361828804
949,0.02597172726689881,100.01442393918046,99.81191455617844,9.975094302949545,9.891869470280403
950,0.02597017221279557,100.01468223400154,99.81217285099952,9.97483600812847,9.892127765101478
951,0.02596976188164444,100.0148151082075,99.81203997679356,9.974968882334435,9.891994890895512
952,0.025969302044995687,100.01495613973093,99.81189894527013,9.974827850811005,9.892135922418943
953,0.02596891675083083,100.01508489443525,99.81177019056581,9.97495660551532,9.892007167714628
954,0.025968037836614947,100.01527942461766,99.81196472074822,9.975151135697734,9.892201697897042
955,0.02596725933828988,100.01546227745573,99.81178186791016,9.974968282859672,9.89201884505898
956,0.025965403758507033,100.01574584205716,99.81206543251159,9.974684718258237,9.891735280457544
957,0.025964981410813485,100.01588099391509,99.81193028065366,9.974549566400299,9.891870432315482
958,0.02596462298646993,100.01600549889041,99.81180577567834,9.974425061424984,9.891994937290796
959,0.025963029339540734,100.01626827226005,99.81206854904798,9.974162288055341,9.891732163921153
960,0.025962005560075864,100.01647819714658,99.81227847393451,9.974372212941878,9.89194208880769
961,0.025961794907548814,100.0165737107395,99.8121829603416,9.97446772653479,9.892037602400602
962,0.02596095443822705,100.01676391136958,99.81237316097169,9.974657927164875,9.892227803030687
963,0.02596081511031901,100.01684159136376,99.81229548097751,9.974735607159053,9.892305483024865
964,0.025959703283510483,100.01705995790839,99.81251384752214,9.974517240614428,9.89252384956949
965,0.025958137594760344,100.01732039067153,99.81277428028528,9.974256807851283,9.892263416806344
966,0.025957862581399774,100.01742943287425,99.81266523808256,9.97414776564856,9.892372459009067
967,0.02595698733229618,100.0176231629829,99.81285896819121,9.973954035539917,9.89256618911771
968,0.025956494216974074,100.01776865781885,99.81271347335526,9.973808540703972,9.892420694281766
969,0.02595631454954008,100.01785678990466,99.81262534126945,9.973720408618167,9.892508826367571
970,0.025955895239847353,100.01799095357298,99.81249117760113,9.973586244949844,9.892374662699249
971,0.02595552876360746,100.01811638254215,99.81236574863196,9.973460815980667,9.892249233730071
972,0.025954817315598892,100.01829104113041,99.81254040722023,9.973286157392407,9.892423892318332
973,0.025954712274676744,100.0183584303148,99.81247301803583,9.973218768208014,9.892491281502725
974,0.025953664305663756,100.01857147639714,99.81268606411817,9.973005722125672,9.892278235420383
975,0.025952281954806006,100.0188166402668,99.81293122798783,9.973250885995341,9.892033071550713
976,0.02595165601838208,100.01898045783481,99.81309504555584,9.973087068427327,9.892196889118727
977,0.025951403321478383,100.01908460542515,99.8129908979655,9.972982920836998,9.892092741528398
978,0.025950453700016262,100.0192867410603,99.81319303360065,9.97318505647215,9.89229487716355
979,0.025949632268780377,100.0194747356214,99.81338102816176,9.973373051033258,9.892482871724658
980,0.025949162752374605,100.01961681340818,99.81323895037498,9.973515128820033,9.892340793937883
981,0.025948593117175806,100.01977308271539,99.81339521968219,9.973358859512821,9.892497063245095
982,0.025948288144864697,100.01988748826952,99.81328081412806,9.973244453958694,9.892382657690968
983,0.025948053320613874,100.01998831019527,99.81317999220231,9.97334527588445,9.892483479616724
984,0.02594721879186119,100.02017840286703,99.81337008487407,9.973155183212695,9.892293386944969
985,0.025946516165260933,100.02035282346992,99.81354450547695,9.972980762609804,9.892118966342078
986,0.025946318916136007,100.02044482469282,99.81345250425406,9.972888761386914,9.892026965119188
987,0.025946210568041188,100.0205132487988,99.81338408014807,9.972820337280927,9.892095389225174
988,0.02594537891893622,100.0207023930366,99.81357322438586,9.973009481518718,9.892284533462965
989,0.025944942579112326,100.02083935252354,99.81343626489893,9.973146441005659,9.892147573976024
990,0.02594448878793929,100.02097881553192,99.8135757279073,9.973006977997281,9.892287036984401
991,0.025943549545741233,100.02118086317238,99.81377777554776,9.973209025637736,9.892084989343946
992,0.025943109823694403,100.02131814456466,99.81391505694005,9.973071744245454,9.892222270736228
993,0.02594299736308511,100.0213878566882,99.81384534481651,9.973002032121915,9.892291982859767
994,0.0259429019357132,100.02145206952574,99.81378113197897,9.972937819284377,9.892356195697305
995,0.025942716548494792,100.02154125618458,99.81369194532013,9.972848632625542,9.89226700903847
996,0.02594221236933657,100.02168899787631,99.81383968701186,9.972700890933801,9.892119267346729
997,0.025941897367605684,100.02180574939219,99.81372293549599,9.972817642449678,9.892236018862606
998,0.025941030351678263,100.02199986401638,99.81391705012018,9.973011757073866,9.892041904238418
999,0.025940662595203504,100.02212540006211,99.81404258616591,9.972886221028132,9.892167440284153
